case,region,dice,iou,hd95,asd,status,precision,recall,prediction_voxels,target_voxels,hd95_unit,hd95_voxel,asd_voxel,official_dice,official_hd95_voxel,inference_seconds
case0001,normal_myocardium,0.8740715732613099,0.776311844077961,1.0,0.17896621265824159,ok,0.9049283467319119,0.8452497551420176,2861,3063,voxel,1.0,0.17896621265824159,0.8740715732613099,1.0,0.74657191300048
case0001,edema,0.776657060518732,0.6348645465253239,1.4142135623730951,0.3166183622753949,ok,0.7082785808147175,0.8596491228070176,761,627,voxel,1.4142135623730951,0.3166183622753949,0.776657060518732,1.4142135623730951,0.74657191300048
case0001,scar,0.5583966827919834,0.38734419942473636,23.210971931921307,3.4190673872504553,ok,0.4503901895206243,0.7345454545454545,897,550,voxel,23.210971931921307,3.4190673872504553,0.5583966827919834,23.210971931921307,0.74657191300048
case0001,edema_inclusive,0.7837742504409171,0.644431554524362,3.625273711690682,0.7458840783293996,ok,0.6700844390832328,0.9439252336448598,1658,1177,voxel,3.625273711690682,0.7458840783293996,0.7837742504409171,3.625273711690682,0.74657191300048
case0001,myocardial_ring,0.9231647448338851,0.8572943172179813,1.0,0.09743648735897359,ok,0.8946669617171941,0.9535377358490567,4519,4240,voxel,1.0,0.09743648735897359,0.9231647448338851,1.0,0.74657191300048
case0006,normal_myocardium,0.6269711799891245,0.45663366336633665,7.874007874011811,1.6139464947615634,ok,0.8788109756097561,0.48732037193575656,1312,2366,voxel,7.874007874011811,1.6139464947615634,0.6269711799891245,7.874007874011811,0.05558284000017011
case0006,edema,0.6621113768363512,0.49489274770173647,20.198918757789183,2.4717888162188673,ok,0.5105374077976818,0.9416909620991254,1898,1029,voxel,20.198918757789183,2.4717888162188673,0.6621113768363512,20.198918757789183,0.05558284000017011
case0006,scar,0.1279896574014221,0.06837016574585636,32.11073872529987,10.78202116284693,ok,0.0763888888888889,0.3944223107569721,1296,251,voxel,32.11073872529987,10.78202116284693,0.1279896574014221,32.11073872529987,0.05558284000017011
case0006,edema_inclusive,0.5413500223513634,0.3711308611707018,26.645825188948457,4.866155738277528,ok,0.3791484032561052,0.94609375,3194,1280,voxel,26.645825188948457,4.866155738277528,0.5413500223513634,26.645825188948457,0.05558284000017011
case0006,myocardial_ring,0.8473994111874387,0.7352064708386548,1.0,0.21617385493806934,ok,0.7665335108743897,0.9473395501919912,4506,3646,voxel,1.0,0.21617385493806934,0.8473994111874387,1.0,0.05558284000017011
case0011,normal_myocardium,0.8581314878892734,0.7515151515151515,1.0,0.20936289921259946,ok,0.8253968253968254,0.893569844789357,1953,1804,voxel,1.0,0.20936289921259946,0.8581314878892734,1.0,0.055856752000181586
case0011,edema,0.4254062038404727,0.2701688555347092,10.816653826391969,2.6174706025004455,ok,0.7728085867620751,0.29347826086956524,559,1472,voxel,10.816653826391969,2.6174706025004455,0.4254062038404727,10.816653826391969,0.055856752000181586
case0011,scar,0.24411951684678956,0.1390296886314265,4.47213595499958,1.8010929009247256,ok,0.15508885298869143,0.573134328358209,1238,335,voxel,4.47213595499958,1.8010929009247256,0.24411951684678956,4.47213595499958,0.055856752000181586
case0011,edema_inclusive,0.8618201997780244,0.7571916138469039,1.0,0.17677010503899201,ok,0.864218141346689,0.8594355285002767,1797,1807,voxel,1.0,0.17677010503899201,0.8618201997780244,1.0,0.055856752000181586
case0011,myocardial_ring,0.887651134356745,0.7979970688812897,1.0,0.15558738978615175,ok,0.8712,0.90473553032401,3750,3611,voxel,1.0,0.15558738978615175,0.887651134356745,1.0,0.055856752000181586
case0016,normal_myocardium,0.626123013130615,0.4557344064386318,2.23606797749979,0.5599281403914351,ok,0.5960526315789474,0.6593886462882096,760,687,voxel,2.23606797749979,0.5599281403914351,0.626123013130615,2.23606797749979,0.05801056900054391
case0016,edema,0.7631578947368421,0.6170212765957447,2.0,0.3442706004954632,ok,0.7573248407643313,0.7690815006468306,1570,1546,voxel,2.0,0.3442706004954632,0.7631578947368421,2.0,0.05801056900054391
case0016,scar,0.5686160972785177,0.39724919093851135,6.4031242374328485,1.2745794713733203,ok,0.5201271186440678,0.6270753512132823,944,783,voxel,6.4031242374328485,1.2745794713733203,0.5686160972785177,6.4031242374328485,0.05801056900054391
case0016,edema_inclusive,0.8110675201321494,0.6821813129558875,2.0,0.422777679791233,ok,0.781225139220366,0.8432803778445684,2514,2329,voxel,2.0,0.422777679791233,0.8110675201321494,2.0,0.05801056900054391
case0016,myocardial_ring,0.8117647058823529,0.6831683168316832,1.4142135623730951,0.2743208414654642,ok,0.7797800855222969,0.8464854111405835,3274,3016,voxel,1.4142135623730951,0.2743208414654642,0.8117647058823529,1.4142135623730951,0.05801056900054391
case0021,normal_myocardium,0.848642779587405,0.7370803470388533,1.0,0.23345329026618475,ok,0.8742729306487695,0.8244725738396624,2235,2370,voxel,1.0,0.23345329026618475,0.848642779587405,1.0,0.05566189000001032
case0021,edema,0.62152133580705,0.4508748317631225,9.651407104068909,1.5665104398554024,ok,0.5250783699059561,0.7613636363636364,638,440,voxel,9.651407104068909,1.5665104398554024,0.62152133580705,9.651407104068909,0.05566189000001032
case0021,scar,0.2875,0.1678832116788321,5.839404300103038,1.8980607586134017,ok,0.2893081761006289,0.2857142857142857,159,161,voxel,5.839404300103038,1.8980607586134017,0.2875,5.839404300103038,0.05566189000001032
case0021,edema_inclusive,0.6623748211731044,0.49518716577540106,7.902245355154796,1.3235438312898504,ok,0.5809284818067754,0.7703826955074875,797,601,voxel,7.902245355154796,1.3235438312898504,0.6623748211731044,7.902245355154796,0.05566189000001032
case0021,myocardial_ring,0.9158753956355156,0.8448063921327597,1.0,0.10904114358991607,ok,0.9066622691292876,0.9252776842813868,3032,2971,voxel,1.0,0.10904114358991607,0.9158753956355156,1.0,0.05566189000001032
case0026,normal_myocardium,0.7948303715670436,0.6595174262734584,1.4142135623730951,0.26969976291696457,ok,0.8238446081714669,0.7677902621722846,1493,1602,voxel,1.4142135623730951,0.26969976291696457,0.7948303715670436,1.4142135623730951,0.05736077700021269
case0026,edema,0.6887905604719764,0.5253093363329584,14.856803782780439,1.9975444604989945,ok,0.6414835164835165,0.7436305732484076,728,628,voxel,14.856803782780439,1.9975444604989945,0.6887905604719764,14.856803782780439,0.05736077700021269
case0026,scar,0.6597096188747731,0.4922139471902505,3.0,0.6260873929213183,ok,0.7919389978213508,0.5653188180404355,918,1286,voxel,3.0,0.6260873929213183,0.6597096188747731,3.0,0.05736077700021269
case0026,edema_inclusive,0.7955056179775281,0.6604477611940298,2.23606797749979,0.3683684644305894,ok,0.8602673147023087,0.7398119122257053,1646,1914,voxel,2.23606797749979,0.3683684644305894,0.7955056179775281,2.23606797749979,0.05736077700021269
case0026,myocardial_ring,0.8583020285499624,0.7517767833640432,1.0,0.21419115827688026,ok,0.9098438993309972,0.8122866894197952,3139,3516,voxel,1.0,0.21419115827688026,0.8583020285499624,1.0,0.05736077700021269
case0031,normal_myocardium,0.5351186281418839,0.36529826812059013,9.486832980505138,1.8118347506859784,ok,0.5510401548137397,0.5200913242009132,2067,2190,voxel,9.486832980505138,1.8118347506859784,0.5351186281418839,9.486832980505138,0.05710530499982269
case0031,edema,0.4555256064690027,0.2949389179755672,30.02490276142239,4.557380712700741,ok,0.6123188405797102,0.3626609442060086,828,1398,voxel,30.02490276142239,4.557380712700741,0.4555256064690027,30.02490276142239,0.05710530499982269
case0031,scar,0.2760603882099209,0.16013344453711426,9.643650760992955,2.908268814374026,ok,0.24742268041237114,0.3121951219512195,1552,1230,voxel,9.643650760992955,2.908268814374026,0.2760603882099209,9.643650760992955,0.05710530499982269
case0031,edema_inclusive,0.48801916932907347,0.3227680929741152,5.385164807134504,1.3676034603174405,ok,0.5134453781512605,0.4649923896499239,2380,2628,voxel,5.385164807134504,1.3676034603174405,0.48801916932907347,5.385164807134504,0.05710530499982269
case0031,myocardial_ring,0.8567728008634646,0.7494335347432024,1.4142135623730951,0.2431666473907997,ok,0.8925118057117157,0.823785803237858,4447,4818,voxel,1.4142135623730951,0.2431666473907997,0.8567728008634646,1.4142135623730951,0.05710530499982269
case0036,normal_myocardium,0.8747956848643348,0.7774549680418361,1.0,0.20782969611904753,ok,0.8634114863411486,0.8864840989399293,4649,4528,voxel,1.0,0.20782969611904753,0.8747956848643348,1.0,0.13588262800021766
case0036,edema,0.72552783109405,0.5692771084337349,3.0,0.549583536649622,ok,0.7941176470588235,0.6678445229681979,238,283,voxel,3.0,0.549583536649622,0.72552783109405,3.0,0.13588262800021766
case0036,scar,0.2957486136783734,0.1735357917570499,30.93541659651604,5.271804254320637,ok,0.1909307875894988,0.6557377049180327,419,122,voxel,30.93541659651604,5.271804254320637,0.2957486136783734,30.93541659651604,0.13588262800021766
case0036,edema_inclusive,0.647834274952919,0.479108635097493,5.991547594742253,1.350708712824624,ok,0.5235920852359208,0.8493827160493828,657,405,voxel,5.991547594742253,1.350708712824624,0.647834274952919,5.991547594742253,0.13588262800021766
case0036,myocardial_ring,0.898720578181463,0.8160695282014899,1.0,0.2045337768909718,ok,0.8671315491895967,0.9326981552807622,5306,4933,voxel,1.0,0.2045337768909718,0.898720578181463,1.0,0.13588262800021766
case0041,normal_myocardium,0.5275427711975935,0.3582737487231869,6.782329983125268,1.6316273998810231,ok,0.8040114613180516,0.39255735870173475,1745,3574,voxel,6.782329983125268,1.6316273998810231,0.5275427711975935,6.782329983125268,0.12663372000042727
case0041,edema,0.5184859154929577,0.34997029114676176,5.0990195135927845,1.2280117955429852,ok,0.4596176355833008,0.5946491670873296,2563,1981,voxel,5.0990195135927845,1.2280117955429852,0.5184859154929577,5.0990195135927845,0.12663372000042727
case0041,scar,0.4179597226807527,0.26419031719532554,4.123105625617661,1.260910363538228,ok,0.3297733784839802,0.5705272645335737,3839,2219,voxel,4.123105625617661,1.260910363538228,0.4179597226807527,4.123105625617661,0.12663372000042727
case0041,edema_inclusive,0.6604414261460102,0.49302915082382764,3.0,0.7734909205628645,ok,0.5468603561387066,0.8335714285714285,6402,4200,voxel,3.0,0.7734909205628645,0.6604414261460102,3.0,0.12663372000042727
case0041,myocardial_ring,0.8666541046416683,0.7646863223232099,1.0,0.25310677129178655,ok,0.8468147784460538,0.8874453305891433,8147,7774,voxel,1.0,0.25310677129178655,0.8666541046416683,1.0,0.12663372000042727
case0046,normal_myocardium,0.7640830156713257,0.6182316655243317,2.23606797749979,0.4067396111237551,ok,0.7919227392449517,0.7381342062193126,2278,2444,voxel,2.23606797749979,0.4067396111237551,0.7640830156713257,2.23606797749979,0.05823142899953382
case0046,edema,0.7506765899864682,0.6008665041971297,1.4142135623730951,0.4119717344197363,ok,0.7006630880959899,0.8083788706739526,3167,2745,voxel,1.4142135623730951,0.4119717344197363,0.7506765899864682,1.4142135623730951,0.05823142899953382
case0046,scar,0.33226837060702874,0.19923371647509577,5.0990195135927845,1.5108850190184366,ok,0.32142857142857145,0.3438648052902278,1456,1361,voxel,5.0990195135927845,1.5108850190184366,0.33226837060702874,5.0990195135927845,0.05823142899953382
case0046,edema_inclusive,0.8028411043647612,0.670622009569378,1.4142135623730951,0.3599328397816769,ok,0.7579493835171967,0.8533852898197759,4623,4106,voxel,1.4142135623730951,0.3599328397816769,0.8028411043647612,1.4142135623730951,0.05823142899953382
case0046,myocardial_ring,0.8617946621069066,0.7571521881123449,1.0,0.2197103528427612,ok,0.8398782785103608,0.8848854961832061,6901,6550,voxel,1.0,0.2197103528427612,0.8617946621069066,1.0,0.05823142899953382
case0051,normal_myocardium,0.7517647058823529,0.6022620169651273,2.23606797749979,0.5394675825808491,ok,0.8285788381742739,0.687984496124031,3856,4644,voxel,2.23606797749979,0.5394675825808491,0.7517647058823529,2.23606797749979,0.12845226199988247
case0051,edema,0.777509068923821,0.636003956478734,2.23606797749979,0.7250904147404417,ok,0.7820006080875647,0.7730688307784791,3289,3327,voxel,2.23606797749979,0.7250904147404417,0.777509068923821,2.23606797749979,0.12845226199988247
case0051,scar,0.4262659988870339,0.2708628005657709,10.377837521625857,2.034965518360419,ok,0.4080255681818182,0.4462135922330097,2816,2575,voxel,10.377837521625857,2.034965518360419,0.4262659988870339,10.377837521625857,0.12845226199988247
case0051,edema_inclusive,0.7800449737653036,0.639404696886947,6.708203932499369,1.1081804885923474,ok,0.7670761670761671,0.7934598441206371,6105,5902,voxel,6.708203932499369,1.1081804885923474,0.7800449737653036,6.708203932499369,0.12845226199988247
case0051,myocardial_ring,0.9005705368898425,0.8191253437416837,1.0,0.26918540846425143,ok,0.9270153599036242,0.8755926417599089,9961,10546,voxel,1.0,0.26918540846425143,0.9005705368898425,1.0,0.12845226199988247
case0056,normal_myocardium,0.8410415856976292,0.7256874580818243,1.4142135623730951,0.3263864564013057,ok,0.9309528930952893,0.7669679248626617,4649,5643,voxel,1.4142135623730951,0.3263864564013057,0.8410415856976292,1.4142135623730951,0.13013649299955432
case0056,edema,0.7984790874524715,0.6645569620253164,2.0,0.5841705685724266,ok,0.8116654954321855,0.7857142857142857,1423,1470,voxel,2.0,0.5841705685724266,0.7984790874524715,2.0,0.13013649299955432
case0056,scar,0.1524390243902439,0.08250825082508251,22.02271554554524,5.284903971081296,ok,0.10148849797023005,0.30612244897959184,739,245,voxel,22.02271554554524,5.284903971081296,0.1524390243902439,22.02271554554524,0.13013649299955432
case0056,edema_inclusive,0.7340727366520505,0.5798696006519968,5.00990195135927,1.2608158430381766,ok,0.6581868640148011,0.8297376093294461,2162,1715,voxel,5.00990195135927,1.2608158430381766,0.7340727366520505,5.00990195135927,0.13013649299955432
case0056,myocardial_ring,0.8913825958077494,0.8040488922841864,1.0,0.19079263294265703,ok,0.9271766260461018,0.8582495243272629,6811,7358,voxel,1.0,0.19079263294265703,0.8913825958077494,1.0,0.13013649299955432
case0061,normal_myocardium,0.6967573733094345,0.5346336584146036,6.252491727521286,1.0217866296299745,ok,0.5759698275862069,0.8816494845360825,3712,2425,voxel,6.252491727521286,1.0217866296299745,0.6967573733094345,6.252491727521286,0.057296777999908954
case0061,edema,,,,,both_empty,,,0,0,voxel,,,1.0,0.0,0.057296777999908954
case0061,scar,0.009818360333824251,0.00493339911198816,28.45259080582858,11.890529050217182,ok,1.0,0.00493339911198816,10,2027,voxel,28.45259080582858,11.890529050217182,0.009818360333824251,28.45259080582858,0.057296777999908954
case0061,edema_inclusive,0.009818360333824251,0.00493339911198816,28.45259080582858,11.890529050217182,ok,1.0,0.00493339911198816,10,2027,voxel,28.45259080582858,11.890529050217182,0.009818360333824251,28.45259080582858,0.057296777999908954
case0061,myocardial_ring,0.8245656961096158,0.7014987510407993,1.4142135623730951,0.3511564260768585,ok,0.9054271896829661,0.75696316262354,3722,4452,voxel,1.4142135623730951,0.3511564260768585,0.8245656961096158,1.4142135623730951,0.057296777999908954
case0066,normal_myocardium,0.7970449074458371,0.6625724537675959,1.4142135623730951,0.4143610182852776,ok,0.8968802540631422,0.7172094412907081,5353,6694,voxel,1.4142135623730951,0.4143610182852776,0.7970449074458371,1.4142135623730951,0.059568143999968015
case0066,edema,0.6095634095634096,0.4383971291866029,4.47213595499958,0.998052613705955,ok,0.7806176783812566,0.5,939,1466,voxel,4.47213595499958,0.998052613705955,0.6095634095634096,4.47213595499958,0.059568143999968015
case0066,scar,0.36918138041733545,0.2263779527559055,28.827905336956327,3.7244404614213544,ok,0.24945770065075923,0.7098765432098766,2305,810,voxel,28.827905336956327,3.7244404614213544,0.36918138041733545,28.827905336956327,0.059568143999968015
case0066,edema_inclusive,0.6873188405797102,0.5235992271598123,14.560219778561036,2.3128427946668912,ok,0.5847718865598027,0.8334797891036907,3244,2276,voxel,14.560219778561036,2.3128427946668912,0.6873188405797102,14.560219778561036,0.059568143999968015
case0066,myocardial_ring,0.911140206068196,0.8367837724801338,1.0,0.20948311464993355,ok,0.9309061300453647,0.8921962095875139,8597,8970,voxel,1.0,0.20948311464993355,0.911140206068196,1.0,0.059568143999968015
case0071,normal_myocardium,0.788712422007941,0.6511355654413487,2.0,0.4507604249916045,ok,0.8440060698027314,0.7402182592494011,3295,3757,voxel,2.0,0.4507604249916045,0.788712422007941,2.0,0.059271092000017234
case0071,edema,0.7536485697606539,0.6046838407494145,4.358898943540674,1.0654860970732014,ok,0.7335227272727273,0.7749099639855942,1760,1666,voxel,4.358898943540674,1.0654860970732014,0.7536485697606539,4.358898943540674,0.059271092000017234
case0071,scar,0.44234800838574423,0.2839838492597577,6.4031242374328485,1.4924902613152902,ok,0.476029328821207,0.4131179637787567,1773,2043,voxel,6.4031242374328485,1.4924902613152902,0.44234800838574423,6.4031242374328485,0.059271092000017234
case0071,edema_inclusive,0.6912455122894228,0.5281705001055075,5.0990195135927845,1.0171677231734804,ok,0.708463062553071,0.6748449716904826,3533,3709,voxel,5.0990195135927845,1.0171677231734804,0.6912455122894228,5.0990195135927845,0.059271092000017234
case0071,myocardial_ring,0.8546243178956205,0.7461519667725385,1.0,0.3074587892874032,ok,0.8945518453427065,0.8181087597106884,6828,7466,voxel,1.0,0.3074587892874032,0.8546243178956205,1.0,0.059271092000017234
case0076,normal_myocardium,0.7928940176131187,0.6568553459119497,2.0,0.40833464380763107,ok,0.8241792929292929,0.7638970157987127,3168,3418,voxel,2.0,0.40833464380763107,0.7928940176131187,2.0,0.05962122099936096
case0076,edema,0.8361948955916473,0.7185007974481659,2.0,0.486074185636837,ok,0.8597328244274809,0.8139114724480578,3144,3321,voxel,2.0,0.486074185636837,0.8361948955916473,2.0,0.05962122099936096
case0076,scar,0.38203309692671394,0.23611922852133255,11.793921669555328,2.117245476817224,ok,0.34035383319292334,0.4353448275862069,1187,928,voxel,11.793921669555328,2.117245476817224,0.38203309692671394,11.793921669555328,0.05962122099936096
case0076,edema_inclusive,0.8331002331002331,0.713943268078306,3.1622776601683795,0.7919196864615999,ok,0.8252135765412145,0.8411390915509531,4331,4249,voxel,3.1622776601683795,0.7919196864615999,0.8331002331002331,3.1622776601683795,0.05962122099936096
case0076,myocardial_ring,0.8848740603982592,0.793519394512772,1.0,0.22646248012837883,ok,0.8947859714628618,0.8751793400286944,7499,7667,voxel,1.0,0.22646248012837883,0.8848740603982592,1.0,0.05962122099936096
case0081,normal_myocardium,0.8681099339781975,0.766956049918611,1.0,0.283675940755169,ok,0.8804110868888196,0.8561477892186553,3211,3302,voxel,1.0,0.283675940755169,0.8681099339781975,1.0,0.060080119000303966
case0081,edema,0.8091889357712142,0.6795275590551181,1.0,0.32498913929134227,ok,0.7458945548833189,0.8842213114754098,1157,976,voxel,1.0,0.32498913929134227,0.8091889357712142,1.0,0.060080119000303966
case0081,scar,0.5339441899208663,0.36420454545454545,2.8284271247461903,0.822606319753074,ok,0.5985060690943044,0.48195488721804514,1071,1330,voxel,2.8284271247461903,0.822606319753074,0.5339441899208663,2.8284271247461903,0.060080119000303966
case0081,edema_inclusive,0.7895897662108513,0.652332361516035,2.0,0.48725267446076254,ok,0.803411131059246,0.7762359063313097,2228,2306,voxel,2.0,0.48725267446076254,0.7895897662108513,2.0,0.060080119000303966
case0081,myocardial_ring,0.8798768896532996,0.7855180216583159,1.0,0.25494434442881786,ok,0.8935466078323221,0.8666191155492154,5439,5608,voxel,1.0,0.25494434442881786,0.8798768896532996,1.0,0.060080119000303966
case0086,normal_myocardium,0.829618714312028,0.7088448221592698,1.4142135623730951,0.2879460911782274,ok,0.8475724501317276,0.8124098124098124,2657,2772,voxel,1.4142135623730951,0.2879460911782274,0.829618714312028,1.4142135623730951,0.13163965199964878
case0086,edema,0.7541302235179786,0.6053042121684867,2.0,0.8627617802242696,ok,0.714548802946593,0.7983539094650206,543,486,voxel,2.0,0.8627617802242696,0.7541302235179786,2.0,0.13163965199964878
case0086,scar,0.7010594196222939,0.5397163120567375,2.8284271247461903,0.5960977118239964,ok,0.6652097902097902,0.7409931840311588,2288,2054,voxel,2.8284271247461903,0.5960977118239964,0.7010594196222939,2.8284271247461903,0.13163965199964878
case0086,edema_inclusive,0.792403649227332,0.6561825470243602,2.23606797749979,0.45956440043605246,ok,0.7516778523489933,0.8377952755905512,2831,2540,voxel,2.23606797749979,0.45956440043605246,0.792403649227332,2.23606797749979,0.13163965199964878
case0086,myocardial_ring,0.8920370370370371,0.8051144910579977,1.0,0.17009497296724252,ok,0.8777332361516035,0.9068147590361446,5488,5312,voxel,1.0,0.17009497296724252,0.8920370370370371,1.0,0.13163965199964878
case0091,normal_myocardium,0.8703410562670888,0.7704458598726115,1.0,0.21311983130929868,ok,0.8468216185942313,0.8952042628774423,3571,3378,voxel,1.0,0.21311983130929868,0.8703410562670888,1.0,0.06151280799986125
case0091,edema,0.8250904704463209,0.702258726899384,1.7320508075688772,0.35259019543485387,ok,0.9259927797833934,0.7440174039158811,1108,1379,voxel,1.7320508075688772,0.35259019543485387,0.8250904704463209,1.7320508075688772,0.06151280799986125
case0091,scar,0.37280701754385964,0.22911051212938005,8.306623862918075,1.8568399856528388,ok,0.3811659192825112,0.3648068669527897,892,932,voxel,8.306623862918075,1.8568399856528388,0.37280701754385964,8.306623862918075,0.06151280799986125
case0091,edema_inclusive,0.7784736720018557,0.6372958602354728,4.47213595499958,0.8367289326448629,ok,0.839,0.7260926006057984,2000,2311,voxel,4.47213595499958,0.8367289326448629,0.7784736720018557,4.47213595499958,0.06151280799986125
case0091,myocardial_ring,0.8815275310834814,0.7881530887724313,1.0,0.25253543240452103,ok,0.8908633997486987,0.8723853049745122,5571,5689,voxel,1.0,0.25253543240452103,0.8815275310834814,1.0,0.06151280799986125
case0096,normal_myocardium,0.739740441950193,0.5869746729752296,2.0,0.44232176066506623,ok,0.6613358419567262,0.8392359729407083,3189,2513,voxel,2.0,0.44232176066506623,0.739740441950193,2.0,0.05703383699983533
case0096,edema,0.7125827814569536,0.5534979423868313,4.69041575982343,1.0214388771650587,ok,0.6691542288557214,0.7620396600566572,804,706,voxel,4.69041575982343,1.0214388771650587,0.7125827814569536,4.69041575982343,0.05703383699983533
case0096,scar,0.34679334916864607,0.20977011494252873,25.688437994724804,4.537644641308445,ok,0.5763157894736842,0.2480181200453001,760,1766,voxel,25.688437994724804,4.537644641308445,0.34679334916864607,25.688437994724804,0.05703383699983533
case0096,edema_inclusive,0.6427155599603568,0.47353048557867833,21.213203435596427,3.0520760162699667,ok,0.8292838874680307,0.5246763754045307,1564,2472,voxel,21.213203435596427,3.0520760162699667,0.6427155599603568,21.213203435596427,0.05703383699983533
case0096,myocardial_ring,0.8999794619018279,0.8181478715459298,1.0,0.20924157155429138,ok,0.9219440353460973,0.879037111334002,4753,4985,voxel,1.0,0.20924157155429138,0.8999794619018279,1.0,0.05703383699983533
case0101,normal_myocardium,0.8696416022487702,0.7693503263910476,1.0,0.23127406172065654,ok,0.8823529411764706,0.8572913058538275,2805,2887,voxel,1.0,0.23127406172065654,0.8696416022487702,1.0,0.05881005999981426
case0101,edema,0.6276923076923077,0.45739910313901344,4.123105625617661,0.8941911426030321,ok,0.805528134254689,0.5141776937618148,1013,1587,voxel,4.123105625617661,0.8941911426030321,0.6276923076923077,4.123105625617661,0.05881005999981426
case0101,scar,0.0748663101604278,0.03888888888888889,4.358898943540674,2.2336632226624715,ok,0.04590163934426229,0.2028985507246377,915,207,voxel,4.358898943540674,2.2336632226624715,0.0748663101604278,4.358898943540674,0.05881005999981426
case0101,edema_inclusive,0.8076303062869425,0.6773321315908066,1.4142135623730951,0.3652700797902449,ok,0.7795643153526971,0.8377926421404682,1928,1794,voxel,1.4142135623730951,0.3652700797902449,0.8076303062869425,1.4142135623730951,0.05881005999981426
case0101,myocardial_ring,0.8965370724452942,0.8124759337697343,1.0,0.18711724394452942,ok,0.8916120853581239,0.9015167699209571,4733,4681,voxel,1.0,0.18711724394452942,0.8965370724452942,1.0,0.05881005999981426
case0106,normal_myocardium,0.7956010618126659,0.6605793450881612,2.449489742783178,0.45857186047160536,ok,0.8996569468267581,0.7131203263086335,1166,1471,voxel,2.449489742783178,0.45857186047160536,0.7956010618126659,2.449489742783178,0.12719685100000788
case0106,edema,0.7563671311869293,0.6081916537867079,1.4142135623730951,0.337796964994187,ok,0.7941473259334006,0.7220183486238532,991,1090,voxel,1.4142135623730951,0.337796964994187,0.7563671311869293,1.4142135623730951,0.12719685100000788
case0106,scar,0.3764002987303958,0.23183072677092917,9.486832980505138,2.540631005835828,ok,0.4666666666666667,0.31539424280350437,540,799,voxel,9.486832980505138,2.540631005835828,0.3764002987303958,9.486832980505138,0.12719685100000788
case0106,edema_inclusive,0.8011695906432749,0.6682926829268293,2.8284271247461903,0.46781440491307097,ok,0.8948399738732854,0.7252514557967178,1531,1889,voxel,2.8284271247461903,0.46781440491307097,0.8011695906432749,2.8284271247461903,0.12719685100000788
case0106,myocardial_ring,0.863463760937758,0.7597327135386404,1.0,0.17685735520512338,ok,0.9695958472376714,0.7782738095238095,2697,3360,voxel,1.0,0.17685735520512338,0.863463760937758,1.0,0.12719685100000788
case0111,normal_myocardium,0.7690663817283291,0.6247829861111112,2.0,0.4041504406668639,ok,0.8313600924054289,0.7154572564612326,3463,4024,voxel,2.0,0.4041504406668639,0.7690663817283291,2.0,0.059370521000346343
case0111,edema,0.6855823160673045,0.5215863453815262,3.0,0.752297031541288,ok,0.5817469204927211,0.8345381526104417,1786,1245,voxel,3.0,0.752297031541288,0.6855823160673045,3.0,0.059370521000346343
case0111,scar,0.24671385237613752,0.14071510957324107,16.42710813641024,4.0586012571787435,ok,0.18168279970215934,0.384251968503937,1343,635,voxel,16.42710813641024,4.0586012571787435,0.24671385237613752,16.42710813641024,0.059370521000346343
case0111,edema_inclusive,0.6620083849071671,0.4947776783049836,8.927395253448452,1.608874569080365,ok,0.5298817513582614,0.8819148936170212,3129,1880,voxel,8.927395253448452,1.608874569080365,0.6620083849071671,8.927395253448452,0.059370521000346343
case0111,myocardial_ring,0.8637964148527529,0.7602479222425694,1.0,0.20329531168204168,ok,0.8187196601941747,0.9141260162601627,6592,5904,voxel,1.0,0.20329531168204168,0.8637964148527529,1.0,0.059370521000346343
case0116,normal_myocardium,0.8566042478320975,0.7491756429984612,1.0,0.181469157628375,ok,0.8845055800674799,0.8304093567251462,3853,4104,voxel,1.0,0.181469157628375,0.8566042478320975,1.0,0.059576488999482535
case0116,edema,0.6904985888993415,0.5272988505747126,2.8284271247461903,0.6190985325936771,ok,0.9017199017199017,0.5594512195121951,407,656,voxel,2.8284271247461903,0.6190985325936771,0.6904985888993415,2.8284271247461903,0.059576488999482535
case0116,scar,0.4094368340943683,0.2574162679425837,3.4641016151377544,1.0698389227252165,ok,0.37675070028011204,0.4483333333333333,714,600,voxel,3.4641016151377544,1.0698389227252165,0.4094368340943683,3.4641016151377544,0.059576488999482535
case0116,edema_inclusive,0.7328565418594868,0.5783532536520585,2.23606797749979,0.5156559851971013,ok,0.7769848349687779,0.6934713375796179,1121,1256,voxel,2.23606797749979,0.5156559851971013,0.7328565418594868,2.23606797749979,0.059576488999482535
case0116,myocardial_ring,0.8910392877878847,0.8034904013961606,1.0,0.20048415087942503,ok,0.9256131885806193,0.858955223880597,4974,5360,voxel,1.0,0.20048415087942503,0.8910392877878847,1.0,0.059576488999482535
case0121,normal_myocardium,0.8514764213309828,0.7413660782808903,1.0,0.3481643254519916,ok,0.8732203389830508,0.8307890776177166,4425,4651,voxel,1.0,0.3481643254519916,0.8514764213309828,1.0,0.06003936500019336
case0121,edema,0.7995034140285537,0.6659772492244054,2.23606797749979,0.4519442561916398,ok,0.7280949689089882,0.8864418444597385,1769,1453,voxel,2.23606797749979,0.4519442561916398,0.7995034140285537,2.23606797749979,0.06003936500019336
case0121,scar,0.31693198263386396,0.1883061049011178,5.477225575051661,1.7533269229466104,ok,0.33031674208144796,0.3045897079276773,663,719,voxel,5.477225575051661,1.7533269229466104,0.31693198263386396,5.477225575051661,0.06003936500019336
case0121,edema_inclusive,0.7523892267593397,0.6030640668523677,2.8284271247461903,0.5398188504224488,ok,0.712171052631579,0.7974217311233885,2432,2172,voxel,2.8284271247461903,0.5398188504224488,0.7523892267593397,2.8284271247461903,0.06003936500019336
case0121,myocardial_ring,0.8864035087719299,0.7959826703426546,1.0,0.2276444126510876,ok,0.8842059209566866,0.888612047486443,6857,6823,voxel,1.0,0.2276444126510876,0.8864035087719299,1.0,0.06003936500019336
case0126,normal_myocardium,0.8491096532333646,0.737785016286645,1.0,0.22231335220026407,ok,0.8132854578096947,0.888235294117647,1114,1020,voxel,1.0,0.22231335220026407,0.8491096532333646,1.0,0.05741844499971194
case0126,edema,0.7809954751131222,0.6406829992576095,1.0,0.2565678662999004,ok,0.833011583011583,0.7350936967632027,1036,1174,voxel,1.0,0.2565678662999004,0.7809954751131222,1.0,0.05741844499971194
case0126,scar,0.6302521008403361,0.4601226993865031,2.8284271247461903,0.6325326146877155,ok,0.6097560975609756,0.6521739130434783,492,460,voxel,2.8284271247461903,0.6325326146877155,0.6302521008403361,2.8284271247461903,0.05741844499971194
case0126,edema_inclusive,0.825426944971537,0.7027463651050081,1.0,0.19653693450523133,ok,0.8540575916230366,0.7986536107711139,1528,1634,voxel,1.0,0.19653693450523133,0.825426944971537,1.0,0.05741844499971194
case0126,myocardial_ring,0.8644259818731118,0.761223811107416,1.0,0.15526345622323579,ok,0.8663890991672974,0.8624717407686511,2642,2654,voxel,1.0,0.15526345622323579,0.8644259818731118,1.0,0.05741844499971194
case0131,normal_myocardium,0.8328066215199398,0.7135121196493037,1.4142135623730951,0.3481646627312373,ok,0.7781214848143982,0.8957591453544836,3556,3089,voxel,1.4142135623730951,0.3481646627312373,0.8328066215199398,1.4142135623730951,0.05859498900008475
case0131,edema,0.8305199189736664,0.710161662817552,1.0,0.3143427439160174,ok,0.8145695364238411,0.8471074380165289,1510,1452,voxel,1.0,0.3143427439160174,0.8305199189736664,1.0,0.05859498900008475
case0131,scar,0.5715571557155715,0.4001260239445495,2.23606797749979,0.6292707389211,ok,0.5175224123879381,0.6381909547738693,1227,995,voxel,2.23606797749979,0.6292707389211,0.5715571557155715,2.23606797749979,0.05859498900008475
case0131,edema_inclusive,0.8506944444444444,0.7401812688821753,1.4142135623730951,0.33900265927567313,ok,0.8056265984654731,0.9011033919084593,2737,2447,voxel,1.4142135623730951,0.33900265927567313,0.8506944444444444,1.4142135623730951,0.05859498900008475
case0131,myocardial_ring,0.8761518302476964,0.779599819467429,1.0,0.2523253245641552,ok,0.8234546321309392,0.9360549132947977,6293,5536,voxel,1.0,0.2523253245641552,0.8761518302476964,1.0,0.05859498900008475
case0136,normal_myocardium,0.7939793038570084,0.6583463338533542,1.8526279441628337,0.3164504358846538,ok,0.8344043499752842,0.7572902646926873,2023,2229,voxel,1.8526279441628337,0.3164504358846538,0.7939793038570084,1.8526279441628337,0.05703035999977146
case0136,edema,0.769893899204244,0.6258760107816712,2.23606797749979,0.4523066338805014,ok,0.8587278106508875,0.6977163461538461,1352,1664,voxel,2.23606797749979,0.4523066338805014,0.769893899204244,2.23606797749979,0.05703035999977146
case0136,scar,0.47955092221331197,0.3154008438818565,3.4641016151377544,0.9829517593290795,ok,0.3981358189081225,0.6028225806451613,751,496,voxel,3.4641016151377544,0.9829517593290795,0.47955092221331197,3.4641016151377544,0.05703035999977146
case0136,edema_inclusive,0.8088200797560403,0.6790074832611265,1.4142135623730951,0.3200823154515439,ok,0.8197812648597242,0.7981481481481482,2103,2160,voxel,1.4142135623730951,0.3200823154515439,0.8088200797560403,1.4142135623730951,0.05703035999977146
case0136,myocardial_ring,0.8721080446271285,0.773219491878384,1.0,0.17711395868974564,ok,0.8999030538051381,0.845978582820688,4126,4389,voxel,1.0,0.17711395868974564,0.8721080446271285,1.0,0.05703035999977146
case0141,normal_myocardium,0.785126582278481,0.6462620474081792,3.1622776601683795,0.7914580409020323,ok,0.841873091279267,0.7355469908093685,2947,3373,voxel,3.1622776601683795,0.7914580409020323,0.785126582278481,3.1622776601683795,0.05907126000056451
case0141,edema,0.8713681241184768,0.7720569857535616,1.0,0.2538017453181374,ok,0.8169796350171912,0.9335146569960713,3781,3309,voxel,1.0,0.2538017453181374,0.8713681241184768,1.0,0.05907126000056451
case0141,scar,0.2609053497942387,0.15002366303833412,6.164414002968976,1.8903083868216721,ok,0.21907394609536973,0.3224821973550356,1447,983,voxel,6.164414002968976,1.8903083868216721,0.2609053497942387,6.164414002968976,0.05907126000056451
case0141,edema_inclusive,0.7997899159663866,0.6663749343602311,2.0,0.5472943507037484,ok,0.728194338179036,0.8869990680335508,5228,4292,voxel,2.0,0.5472943507037484,0.7997899159663866,2.0,0.05907126000056451
case0141,myocardial_ring,0.8926767676767676,0.806157354618016,1.0,0.24377321172402908,ok,0.8648318042813455,0.9223744292237442,8175,7665,voxel,1.0,0.24377321172402908,0.8926767676767676,1.0,0.05907126000056451
case0146,normal_myocardium,0.7389187804253139,0.5859406745225518,2.449489742783178,0.6009915899622617,ok,0.7120987654320987,0.7678381256656017,2025,1878,voxel,2.449489742783178,0.6009915899622617,0.7389187804253139,2.449489742783178,0.05774896799994167
case0146,edema,0.7537993920972644,0.6048780487804878,1.4142135623730951,0.423255154704562,ok,0.757123473541384,0.7505043712172159,1474,1487,voxel,1.4142135623730951,0.423255154704562,0.7537993920972644,1.4142135623730951,0.05774896799994167
case0146,scar,0.3951011714589989,0.24618447246184472,3.0,1.0373507160477313,ok,0.424971363115693,0.3691542288557214,873,1005,voxel,3.0,1.0373507160477313,0.3951011714589989,3.0,0.05774896799994167
case0146,edema_inclusive,0.7865261417648275,0.6481607629427792,1.7320508075688772,0.39595222011725045,ok,0.8108223263740946,0.7636436597110754,2347,2492,voxel,1.7320508075688772,0.39595222011725045,0.7865261417648275,1.7320508075688772,0.05774896799994167
case0146,myocardial_ring,0.8224662548615878,0.6984651253157179,1.4142135623730951,0.36440130268262333,ok,0.8222781335773102,0.8226544622425629,4372,4370,voxel,1.4142135623730951,0.36440130268262333,0.8224662548615878,1.4142135623730951,0.05774896799994167
case0151,normal_myocardium,0.7917935853789644,0.655346285036334,2.449489742783178,0.48766599213584444,ok,0.8998167379352474,0.7069268916973285,4911,6251,voxel,2.449489742783178,0.48766599213584444,0.7917935853789644,2.449489742783178,0.06098247399950196
case0151,edema,0.7956236323851203,0.6606104651162791,1.4142135623730951,0.2879726676295838,ok,0.8101604278074866,0.7815993121238177,2244,2326,voxel,1.4142135623730951,0.2879726676295838,0.7956236323851203,1.4142135623730951,0.06098247399950196
case0151,scar,0.03314917127071823,0.016853932584269662,41.593268686170845,14.567408335627201,ok,0.016991818753933293,0.675,1589,40,voxel,41.593268686170845,14.567408335627201,0.03314917127071823,41.593268686170845,0.06098247399950196
case0151,edema_inclusive,0.6530085497660914,0.48479041916167664,4.0,0.7723366519907741,ok,0.528045917036264,0.8554522400676247,3833,2366,voxel,4.0,0.7723366519907741,0.6530085497660914,4.0,0.06098247399950196
case0151,myocardial_ring,0.9045561891596107,0.8257440319697129,1.0,0.16775067655389264,ok,0.8979871912168343,0.9112220030172914,8744,8617,voxel,1.0,0.16775067655389264,0.9045561891596107,1.0,0.06098247399950196
case0156,normal_myocardium,0.8551765409934171,0.7469942498693152,1.4142135623730951,0.3669750403233239,ok,0.8692214111922141,0.8415783274440518,3288,3396,voxel,1.4142135623730951,0.3669750403233239,0.8551765409934171,1.4142135623730951,0.06065961900003458
case0156,edema,0.8227668624670853,0.6988988300068824,1.4142135623730951,0.31980971642509304,ok,0.7447744774477447,0.9190045248868778,2727,2210,voxel,1.4142135623730951,0.31980971642509304,0.8227668624670853,1.4142135623730951,0.06065961900003458
case0156,scar,0.2714164546225615,0.15701668302257116,16.401219466856727,4.130870178249786,ok,0.1895734597156398,0.47761194029850745,844,335,voxel,16.401219466856727,4.130870178249786,0.2714164546225615,16.401219466856727,0.06065961900003458
case0156,edema_inclusive,0.7658600392413342,0.620561738208797,2.0,0.45407658676933055,ok,0.6558387006440773,0.9202357563850687,3571,2545,voxel,2.0,0.45407658676933055,0.7658600392413342,2.0,0.06065961900003458
case0156,myocardial_ring,0.87640625,0.7800027812543457,1.0,0.28295183070573476,ok,0.8177576906254556,0.9441171519946137,6859,5941,voxel,1.0,0.28295183070573476,0.87640625,1.0,0.06065961900003458
case0161,normal_myocardium,0.8151885289431758,0.688032272523532,1.4142135623730951,0.33735418734464434,ok,0.7736895161290323,0.8613916947250281,1984,1782,voxel,1.4142135623730951,0.33735418734464434,0.8151885289431758,1.4142135623730951,0.05703664500015293
case0161,edema,0.8336789713811696,0.7147937411095305,1.0,0.24188226600291304,ok,0.8354114713216958,0.831953642384106,1203,1208,voxel,1.0,0.24188226600291304,0.8336789713811696,1.0,0.05703664500015293
case0161,scar,0.490547263681592,0.3249835201054713,6.164414002968976,1.2723081508463,ok,0.4128978224455611,0.6041666666666666,1194,816,voxel,6.164414002968976,1.2723081508463,0.490547263681592,6.164414002968976,0.05703664500015293
case0161,edema_inclusive,0.8197240443338611,0.6945189727865082,2.23606797749979,0.6704182151772631,ok,0.7559449311639549,0.8952569169960475,2397,2024,voxel,2.23606797749979,0.6704182151772631,0.8197240443338611,2.23606797749979,0.05703664500015293
case0161,myocardial_ring,0.8721143275925247,0.7732293697205977,1.0,0.21805706411883116,ok,0.8148824469299246,0.9379926431949553,4381,3806,voxel,1.0,0.21805706411883116,0.8721143275925247,1.0,0.05703664500015293
case0166,normal_myocardium,0.8375222137598375,0.7204629831841013,2.0,0.4510186612575569,ok,0.8377348908075165,0.8373096446700508,3938,3940,voxel,2.0,0.4510186612575569,0.8375222137598375,2.0,0.05803063099938299
case0166,edema,0.8425388504025464,0.7279197670656745,1.4142135623730951,0.3513378876702548,ok,0.7689678742310321,0.9316770186335404,2926,2415,voxel,1.4142135623730951,0.3513378876702548,0.8425388504025464,1.4142135623730951,0.05803063099938299
case0166,scar,0.3707865168539326,0.22758620689655173,5.5041698762177855,1.461837246940347,ok,0.3640661938534279,0.3777596075224857,1269,1223,voxel,5.5041698762177855,1.461837246940347,0.3707865168539326,5.5041698762177855,0.05803063099938299
case0166,edema_inclusive,0.8142474147836078,0.6866925064599483,2.23606797749979,0.5257687351993913,ok,0.7601907032181168,0.8765805387575591,4195,3638,voxel,2.23606797749979,0.5257687351993913,0.8142474147836078,2.23606797749979,0.05803063099938299
case0166,myocardial_ring,0.8979695754566864,0.8148319279196027,1.0,0.22645190579912647,ok,0.8673306283044387,0.9308524676695699,8133,7578,voxel,1.0,0.22645190579912647,0.8979695754566864,1.0,0.05803063099938299
case0171,normal_myocardium,0.8603920395032171,0.7549894957983193,1.0,0.2219089333261338,ok,0.8800122436486073,0.8416276346604216,3267,3416,voxel,1.0,0.2219089333261338,0.8603920395032171,1.0,0.05626576400027261
case0171,edema,0.768640350877193,0.6242208370436332,1.4142135623730951,0.4034895709722068,ok,0.7052313883299799,0.844578313253012,994,830,voxel,1.4142135623730951,0.4034895709722068,0.768640350877193,1.4142135623730951,0.05626576400027261
case0171,scar,0.3653044203502919,0.22346938775510203,4.123105625617661,1.2216366176964646,ok,0.3124108416547789,0.4397590361445783,701,498,voxel,4.123105625617661,1.2216366176964646,0.3653044203502919,4.123105625617661,0.05626576400027261
case0171,edema_inclusive,0.8230234866027125,0.6992692523889825,2.0,0.45567709750956,ok,0.7339233038348083,0.9367469879518072,1695,1328,voxel,2.0,0.45567709750956,0.8230234866027125,2.0,0.05626576400027261
case0171,myocardial_ring,0.9006799917576757,0.8193064667291471,1.0,0.1866545256585634,ok,0.880894800483676,0.9213743676222597,4962,4744,voxel,1.0,0.1866545256585634,0.9006799917576757,1.0,0.05626576400027261
case0176,normal_myocardium,0.763744427934621,0.6177884615384616,2.0,0.4743678268711024,ok,0.7977237454733574,0.732541567695962,1933,2105,voxel,2.0,0.4743678268711024,0.763744427934621,2.0,0.05733802499980811
case0176,edema,0.7798639455782312,0.6391614629794826,1.4142135623730951,0.383169064097124,ok,0.7783813145029875,0.7813522355507089,1841,1834,voxel,1.4142135623730951,0.383169064097124,0.7798639455782312,1.4142135623730951,0.05733802499980811
case0176,scar,0.49805699481865284,0.33160845191893057,10.04987562112089,1.591915391167847,ok,0.5336571825121443,0.46690953248330297,1441,1647,voxel,10.04987562112089,1.591915391167847,0.49805699481865284,10.04987562112089,0.05733802499980811
case0176,edema_inclusive,0.7928434126866775,0.6567858892699657,2.23606797749979,0.5646305714643048,ok,0.8168799512492383,0.7701809824763,3282,3481,voxel,2.23606797749979,0.5646305714643048,0.7928434126866775,2.23606797749979,0.05733802499980811
case0176,myocardial_ring,0.8926951208221461,0.8061872909698997,1.0,0.19835437152620863,ok,0.9244487056567593,0.8630504833512352,5215,5586,voxel,1.0,0.19835437152620863,0.8926951208221461,1.0,0.05733802499980811
case0181,normal_myocardium,0.7875190258751903,0.6495104192819483,3.605551275463989,0.5304924102142063,ok,0.8775440976933514,0.714246272777471,2948,3622,voxel,3.605551275463989,0.5304924102142063,0.7875190258751903,3.605551275463989,0.059522417999687605
case0181,edema,0.6732206055839559,0.5074096028452875,2.8284271247461903,0.7514868623267202,ok,0.600701754385965,0.7656529516994633,1425,1118,voxel,2.8284271247461903,0.7514868623267202,0.6732206055839559,2.8284271247461903,0.059522417999687605
case0181,scar,0.6037846560070412,0.4324437907123345,12.369117412972116,1.7380762323248835,ok,0.5816845675522895,0.6276303751143641,3538,3279,voxel,12.369117412972116,1.7380762323248835,0.6037846560070412,12.369117412972116,0.059522417999687605
case0181,edema_inclusive,0.788034188034188,0.6502115655853314,11.704699910719626,1.5248547850908576,ok,0.7430989320975216,0.8387536957016147,4963,4397,voxel,11.704699910719626,1.5248547850908576,0.788034188034188,11.704699910719626,0.059522417999687605
case0181,myocardial_ring,0.8915254237288136,0.8042813455657493,1.0,0.20512556573325016,ok,0.8976109215017065,0.8855218855218855,7911,8019,voxel,1.0,0.20512556573325016,0.8915254237288136,1.0,0.059522417999687605
case0186,normal_myocardium,0.8582375478927203,0.7516778523489933,1.0,0.20079521057614463,ok,0.8872638634978671,0.8310502283105022,3282,3504,voxel,1.0,0.20079521057614463,0.8582375478927203,1.0,0.05779151299975638
case0186,edema,0.8315868263473054,0.7117232543241512,1.0,0.2646667582481367,ok,0.782394366197183,0.8873801916932907,1420,1252,voxel,1.0,0.2646667582481367,0.8315868263473054,1.0,0.05779151299975638
case0186,scar,0.4098939929328622,0.2577777777777778,6.6332495807108,1.776784501698432,ok,0.3761348897535668,0.4503105590062112,771,644,voxel,6.6332495807108,1.776784501698432,0.4098939929328622,6.6332495807108,0.05779151299975638
case0186,edema_inclusive,0.8563738683631025,0.7488232777064613,2.23606797749979,0.5872348751876054,ok,0.7987220447284346,0.9229957805907173,2191,1896,voxel,2.23606797749979,0.5872348751876054,0.8563738683631025,2.23606797749979,0.05779151299975638
case0186,myocardial_ring,0.9059137312609216,0.8280094149293881,1.0,0.1753096295552845,ok,0.89987209939704,0.9120370370370371,5473,5400,voxel,1.0,0.1753096295552845,0.9059137312609216,1.0,0.05779151299975638
case0191,normal_myocardium,0.6384876805437553,0.4689547581903276,13.841793072845952,1.9597854642757127,ok,0.8177366702937976,0.5236933797909408,1838,2870,voxel,13.841793072845952,1.9597854642757127,0.6384876805437553,13.841793072845952,0.0565160839996679
case0191,edema,0.7460393662986078,0.5949464012251149,1.4142135623730951,0.508294024005613,ok,0.6786026200873363,0.8283582089552238,1145,938,voxel,1.4142135623730951,0.508294024005613,0.7460393662986078,1.4142135623730951,0.0565160839996679
case0191,scar,0.4174410293066476,0.26377597109304424,11.445523142259598,2.24972087080913,ok,0.3236054673069819,0.5879194630872483,2707,1490,voxel,11.445523142259598,2.24972087080913,0.4174410293066476,11.445523142259598,0.0565160839996679
case0191,edema_inclusive,0.6372611464968153,0.4676326244449638,8.904893044714159,1.6739857359017623,ok,0.5194704049844237,0.8241350906095551,3852,2428,voxel,8.904893044714159,1.6739857359017623,0.6372611464968153,8.904893044714159,0.0565160839996679
case0191,myocardial_ring,0.8902439024390244,0.8021978021978022,1.0,0.19906520913107478,ok,0.8595782073813708,0.9231785579463949,5690,5298,voxel,1.0,0.19906520913107478,0.8902439024390244,1.0,0.0565160839996679
case0196,normal_myocardium,0.7852671118530885,0.6464524995705205,2.23606797749979,0.4366057600165801,ok,0.8216157205240174,0.7519984012789768,4580,5004,voxel,2.23606797749979,0.4366057600165801,0.7852671118530885,2.23606797749979,0.12950399000055768
case0196,edema,0.8246602585349685,0.7016356457980824,1.0,0.25935463102959805,ok,0.7941270347909352,0.8576352981730437,3133,2901,voxel,1.0,0.25935463102959805,0.8246602585349685,1.0,0.12950399000055768
case0196,scar,0.4484737204498508,0.28905325443786983,24.1039415863879,3.706926237421645,ok,0.41102229701304166,0.49343434343434345,2377,1980,voxel,24.1039415863879,3.706926237421645,0.4484737204498508,24.1039415863879,0.12950399000055768
case0196,edema_inclusive,0.8026176498893273,0.6703102395113326,14.15449456299037,1.5010498998412183,ok,0.7568058076225045,0.8543331284572834,5510,4881,voxel,14.15449456299037,1.5010498998412183,0.8026176498893273,14.15449456299037,0.12950399000055768
case0196,myocardial_ring,0.8882102628285357,0.7989012968299711,1.0,0.1589167892022203,ok,0.879187314172448,0.8974203338391502,10090,9885,voxel,1.0,0.1589167892022203,0.8882102628285357,1.0,0.12950399000055768
case0201,normal_myocardium,0.8274036074797286,0.7056167090036692,1.4142135623730951,0.2966848397392283,ok,0.8830801836806782,0.7783312577833126,2831,3212,voxel,1.4142135623730951,0.2966848397392283,0.8274036074797286,1.4142135623730951,0.058656182999584416
case0201,edema,0.8256880733944955,0.703125,1.4142135623730951,0.3203376474769435,ok,0.8905013192612137,0.7696693272519954,3790,4385,voxel,1.4142135623730951,0.3203376474769435,0.8256880733944955,1.4142135623730951,0.058656182999584416
case0201,scar,0.4175868299538245,0.26389241309312356,3.4641016151377544,1.054427960039753,ok,0.46973803071364045,0.375858330321648,2214,2767,voxel,3.4641016151377544,1.054427960039753,0.4175868299538245,3.4641016151377544,0.058656182999584416
case0201,edema_inclusive,0.8265430221951962,0.7043658504987693,1.4142135623730951,0.37222541494737804,ok,0.9055629580279814,0.7602069351230425,6004,7152,voxel,1.4142135623730951,0.37222541494737804,0.8265430221951962,1.4142135623730951,0.058656182999584416
case0201,myocardial_ring,0.8681702171988125,0.7670501610676485,1.4142135623730951,0.3223873675295195,ok,0.9432937181663837,0.8041296796603628,8835,10364,voxel,1.4142135623730951,0.3223873675295195,0.8681702171988125,1.4142135623730951,0.058656182999584416
case0206,normal_myocardium,0.8212083847102343,0.696652719665272,1.0,0.22103818084148216,ok,0.816426601287159,0.826046511627907,3263,3225,voxel,1.0,0.22103818084148216,0.8212083847102343,1.0,0.058719724000184215
case0206,edema,0.5693877551020409,0.3980028530670471,16.507823325753176,1.8846239014326636,ok,0.5081967213114754,0.6473317865429234,549,431,voxel,16.507823325753176,1.8846239014326636,0.5693877551020409,16.507823325753176,0.058719724000184215
case0206,scar,0.5447347585114806,0.37431991294885747,6.0,1.6498828019969423,ok,0.6679611650485436,0.45989304812834225,515,748,voxel,6.0,1.6498828019969423,0.5447347585114806,6.0,0.058719724000184215
case0206,edema_inclusive,0.6723138653588944,0.506380120886501,5.385164807134504,1.3120435044276655,ok,0.7086466165413534,0.6395250212044106,1064,1179,voxel,5.385164807134504,1.3120435044276655,0.6723138653588944,5.385164807134504,0.058719724000184215
case0206,myocardial_ring,0.85030351620662,0.7395895596732417,1.0,0.25668668062658834,ok,0.8578691934365611,0.8428701180744778,4327,4404,voxel,1.0,0.25668668062658834,0.85030351620662,1.0,0.058719724000184215
case0211,normal_myocardium,0.845771144278607,0.7327586206896551,1.4142135623730951,0.35213272775666354,ok,0.8997509339975094,0.7979017117614577,1606,1811,voxel,1.4142135623730951,0.35213272775666354,0.845771144278607,1.4142135623730951,0.057694897999681416
case0211,edema,0.8082622361921868,0.6782215523737755,1.4142135623730951,0.3430074461151947,ok,0.796107916850951,0.8207934336525308,2261,2193,voxel,1.4142135623730951,0.3430074461151947,0.8082622361921868,1.4142135623730951,0.057694897999681416
case0211,scar,0.5006429489927132,0.33390508862206975,5.0,1.112648196132486,ok,0.4394281414597442,0.5816733067729084,1329,1004,voxel,5.0,1.112648196132486,0.5006429489927132,5.0,0.057694897999681416
case0211,edema_inclusive,0.8374834241933108,0.7204055766793409,1.7320508075688772,0.5085530372902888,ok,0.7916434540389972,0.8889583984985925,3590,3197,voxel,1.7320508075688772,0.5085530372902888,0.8374834241933108,1.7320508075688772,0.057694897999681416
case0211,myocardial_ring,0.8847510780086241,0.7933216168717048,1.0,0.2462183214197599,ok,0.8687451886066204,0.9013578274760383,5196,5008,voxel,1.0,0.2462183214197599,0.8847510780086241,1.0,0.057694897999681416
case0216,normal_myocardium,0.7891459074733096,0.6517266715650257,2.23606797749979,0.4416273841324349,ok,0.8383742911153119,0.7453781512605042,1058,1190,voxel,2.23606797749979,0.4416273841324349,0.7891459074733096,2.23606797749979,0.057036536999476084
case0216,edema,0.688339222614841,0.5247844827586207,2.0,0.525805359327514,ok,0.9085820895522388,0.5540386803185438,536,879,voxel,2.0,0.525805359327514,0.688339222614841,2.0,0.057036536999476084
case0216,scar,0.5498981670061099,0.3792134831460674,4.0,0.9583572955165539,ok,0.5051449953227315,0.6033519553072626,1069,895,voxel,4.0,0.9583572955165539,0.5498981670061099,4.0,0.057036536999476084
case0216,edema_inclusive,0.8156259248298313,0.688655672163918,2.23606797749979,0.4238585997176687,ok,0.8585669781931464,0.7767756482525366,1605,1774,voxel,2.23606797749979,0.4238585997176687,0.8156259248298313,2.23606797749979,0.057036536999476084
case0216,myocardial_ring,0.8796872223209525,0.7852157360406091,1.0,0.15330664074746522,ok,0.9294029290274127,0.8350202429149798,2663,2964,voxel,1.0,0.15330664074746522,0.8796872223209525,1.0,0.057036536999476084
case0221,normal_myocardium,0.7731002497324295,0.6301250363477755,1.4142135623730951,0.3518567837990017,ok,0.7761461318051576,0.7700781805259417,2792,2814,voxel,1.4142135623730951,0.3518567837990017,0.7731002497324295,1.4142135623730951,0.060751117000108934
case0221,edema,0.7143740977521138,0.5556624959897337,2.449489742783178,0.5913952403671967,ok,0.7822944896115628,0.6573055028462998,2214,2635,voxel,2.449489742783178,0.5913952403671967,0.7143740977521138,2.449489742783178,0.060751117000108934
case0221,scar,0.38103651354534745,0.2353583121134958,6.4031242374328485,1.5271860883352835,ok,0.42649967040210945,0.34433209153805217,1517,1879,voxel,6.4031242374328485,1.5271860883352835,0.38103651354534745,6.4031242374328485,0.060751117000108934
case0221,edema_inclusive,0.7966040024257125,0.6619633138480145,2.0,0.46646614531131225,ok,0.8801929777539533,0.7275143996455472,3731,4514,voxel,2.0,0.46646614531131225,0.7966040024257125,2.0,0.060751117000108934
case0221,myocardial_ring,0.8594325319471519,0.7535131029244209,1.0,0.2774347302293381,ok,0.912463590372528,0.8122270742358079,6523,7328,voxel,1.0,0.2774347302293381,0.8594325319471519,1.0,0.060751117000108934
case0226,normal_myocardium,0.8239471106758081,0.7006037892983552,1.4142135623730951,0.3823210115832594,ok,0.8290219265829022,0.8189340472134339,4059,4109,voxel,1.4142135623730951,0.3823210115832594,0.8239471106758081,1.4142135623730951,0.05982758600021043
case0226,edema,0.7719470328592447,0.6285942492012779,2.23606797749979,0.6205098238024221,ok,0.9077277970011534,0.6715017064846417,1734,2344,voxel,2.23606797749979,0.6205098238024221,0.7719470328592447,2.23606797749979,0.05982758600021043
case0226,scar,0.443978178766261,0.2853290183387271,3.1622776601683795,0.9840939393683587,ok,0.4748653500897666,0.4168636721828211,1114,1269,voxel,3.1622776601683795,0.9840939393683587,0.443978178766261,3.1622776601683795,0.05982758600021043
case0226,edema_inclusive,0.8162823092400557,0.689592050209205,1.7320508075688772,0.4873658716928755,ok,0.9259129213483146,0.7298643786327152,2848,3613,voxel,1.7320508075688772,0.4873658716928755,0.8162823092400557,1.7320508075688772,0.05982758600021043
case0226,myocardial_ring,0.8796226673046688,0.7851128737034777,1.0,0.2847897720729884,ok,0.9315187490951209,0.8332038332038332,6907,7722,voxel,1.0,0.2847897720729884,0.8796226673046688,1.0,0.05982758600021043
case0231,normal_myocardium,0.7671332927571516,0.6222353870458136,2.449489742783178,0.5631913919985158,ok,0.8089858793324776,0.7293981481481482,3895,4320,voxel,2.449489742783178,0.5631913919985158,0.7671332927571516,2.449489742783178,0.13079058499988605
case0231,edema,0.764677341096555,0.6190102120974077,2.3214366836131646,0.6986651828843732,ok,0.8687982359426681,0.682842287694974,1814,2308,voxel,2.3214366836131646,0.6986651828843732,0.764677341096555,2.3214366836131646,0.13079058499988605
case0231,scar,0.4777367773677737,0.3138332255979315,4.123105625617661,1.1030864040496475,ok,0.44974525243168134,0.5094438614900315,2159,1906,voxel,4.123105625617661,1.1030864040496475,0.4777367773677737,4.123105625617661,0.13079058499988605
case0231,edema_inclusive,0.764871137168682,0.6192642405063291,2.449489742783178,0.6733006105750884,ok,0.7880694689151775,0.742999525391552,3973,4214,voxel,2.449489742783178,0.6733006105750884,0.764871137168682,2.449489742783178,0.13079058499988605
case0231,myocardial_ring,0.8672113156932082,0.7655543595263724,1.0,0.27837675562107717,ok,0.9039145907473309,0.833372392781814,7868,8534,voxel,1.0,0.27837675562107717,0.8672113156932082,1.0,0.13079058499988605
case0236,normal_myocardium,0.8057011795543906,0.6746227709190672,1.7320508075688772,0.3349449016885389,ok,0.8848506657070889,0.7395488721804512,2779,3325,voxel,1.7320508075688772,0.3349449016885389,0.8057011795543906,1.7320508075688772,0.05904748200009635
case0236,edema,0.8093793103448276,0.6797961075069509,1.0,0.2985084068921917,ok,0.7316708229426434,0.9055555555555556,2005,1620,voxel,1.0,0.2985084068921917,0.8093793103448276,1.0,0.05904748200009635
case0236,scar,0.5698393077873919,0.39844425237683667,2.23606797749979,0.6296492482353614,ok,0.6002604166666666,0.5423529411764706,2304,2550,voxel,2.23606797749979,0.6296492482353614,0.5698393077873919,2.23606797749979,0.05904748200009635
case0236,edema_inclusive,0.8187286236584503,0.693091054313099,2.0,0.40039697596425167,ok,0.8055233232768624,0.8323741007194244,4309,4170,voxel,2.0,0.40039697596425167,0.8187286236584503,2.0,0.05904748200009635
case0236,myocardial_ring,0.894603305218405,0.8093052109181141,1.0,0.20267118137641496,ok,0.9202878103837472,0.8703135423615744,7088,7495,voxel,1.0,0.20267118137641496,0.894603305218405,1.0,0.05904748200009635
case0241,normal_myocardium,0.7852240613645539,0.6463941508806913,3.0,0.5086468002252389,ok,0.7990961380443714,0.7718253968253969,2434,2520,voxel,3.0,0.5086468002252389,0.7852240613645539,3.0,0.05881276699983573
case0241,edema,0.8259375466905723,0.7034868923390175,1.0,0.372945301085922,ok,0.7816742081447964,0.8755147291732658,3536,3157,voxel,1.0,0.372945301085922,0.8259375466905723,1.0,0.05881276699983573
case0241,scar,0.5089371516432827,0.3413250837844805,4.242640687119285,1.1874431255108135,ok,0.5799386771791503,0.4534246575342466,2283,2920,voxel,4.242640687119285,1.1874431255108135,0.5089371516432827,4.242640687119285,0.05881276699983573
case0241,edema_inclusive,0.8332212508406187,0.7141210374639769,2.449489742783178,0.5830246782313451,ok,0.8516927307097439,0.8155339805825242,5819,6077,voxel,2.449489742783178,0.5830246782313451,0.8332212508406187,2.449489742783178,0.05881276699983573
case0241,myocardial_ring,0.8879525222551928,0.7984843633258619,1.0,0.24845808627020224,ok,0.9064582576032958,0.8701872746306851,8253,8597,voxel,1.0,0.24845808627020224,0.8879525222551928,1.0,0.05881276699983573
case0246,normal_myocardium,0.8264862252295795,0.7042833607907742,1.0,0.2753983881055248,ok,0.8213256484149856,0.8317120622568094,2082,2056,voxel,1.0,0.2753983881055248,0.8264862252295795,1.0,0.05647279900040303
case0246,edema,0.8137009189640768,0.6859154929577465,2.0,0.37431377755009304,ok,0.7345399698340875,0.9119850187265918,663,534,voxel,2.0,0.37431377755009304,0.8137009189640768,2.0,0.05647279900040303
case0246,scar,0.6551532033426184,0.4871582435791218,2.8284271247461903,0.5825949389379474,ok,0.6363636363636364,0.6750861079219288,924,871,voxel,2.8284271247461903,0.5825949389379474,0.6551532033426184,2.8284271247461903,0.05647279900040303
case0246,edema_inclusive,0.8181818181818182,0.6923076923076923,1.4142135623730951,0.28412879845906774,ok,0.7712665406427222,0.8711743772241993,1587,1405,voxel,1.4142135623730951,0.28412879845906774,0.8181818181818182,1.4142135623730951,0.05647279900040303
case0246,myocardial_ring,0.8956521739130435,0.8110236220472441,1.0,0.12475927770808345,ok,0.8702643772144999,0.9225657324472696,3669,3461,voxel,1.0,0.12475927770808345,0.8956521739130435,1.0,0.05647279900040303
case0251,normal_myocardium,0.5964639595881096,0.42497231450719825,5.0,1.0862536017183277,ok,0.608402695204122,0.584984756097561,2523,2624,voxel,5.0,1.0862536017183277,0.5964639595881096,5.0,0.05809076500008814
case0251,edema,0.7037037037037037,0.5428571428571428,3.0,0.7340404300558351,ok,0.67215411558669,0.7383609080415544,2855,2599,voxel,3.0,0.7340404300558351,0.7037037037037037,3.0,0.05809076500008814
case0251,scar,0.5623979818964238,0.3912056151940545,3.605551275463989,0.908183365238342,ok,0.5473714615829001,0.5782728104974062,3462,3277,voxel,3.605551275463989,0.908183365238342,0.5623979818964238,3.605551275463989,0.05809076500008814
case0251,edema_inclusive,0.7669974575576151,0.6220566715444992,2.8284271247461903,0.6422894847967794,ok,0.7402247902485357,0.7957794417971409,6317,5876,voxel,2.8284271247461903,0.6422894847967794,0.7669974575576151,2.8284271247461903,0.05809076500008814
case0251,myocardial_ring,0.7668973471741638,0.6219249836310916,2.0,0.49879194486330025,ok,0.7521493212669683,0.782235294117647,8840,8500,voxel,2.0,0.49879194486330025,0.7668973471741638,2.0,0.05809076500008814
case0256,normal_myocardium,0.5377863412545494,0.3677891654465593,11.74734012447073,1.7312846147204042,ok,0.7719729563614014,0.4126149802890933,1627,3044,voxel,11.74734012447073,1.7312846147204042,0.5377863412545494,11.74734012447073,0.057683170000018436
case0256,edema,0.6984126984126984,0.5365853658536586,9.9498743710662,1.3216338396889193,ok,0.5531914893617021,0.9470198675496688,2585,1510,voxel,9.9498743710662,1.3216338396889193,0.6984126984126984,9.9498743710662,0.057683170000018436
case0256,scar,0.3985554826001313,0.24887248872488724,9.9498743710662,2.108586601917094,ok,0.32184517497348886,0.5232758620689655,1886,1160,voxel,9.9498743710662,2.108586601917094,0.3985554826001313,9.9498743710662,0.057683170000018436
case0256,edema_inclusive,0.6562106147598376,0.48832847019591497,8.18535277187245,1.3801541840719362,ok,0.5240438380675464,0.8775280898876404,4471,2670,voxel,8.18535277187245,1.3801541840719362,0.6562106147598376,8.18535277187245,0.057683170000018436
case0256,myocardial_ring,0.8728411784625805,0.7743728406188974,1.0,0.229379976636924,ok,0.8453591341423418,0.9021701085054252,6098,5714,voxel,1.0,0.229379976636924,0.8728411784625805,1.0,0.057683170000018436
case0261,normal_myocardium,0.8263344100907553,0.7040629095674967,1.4142135623730951,0.35881991744807673,ok,0.7740634005763689,0.8861761794787198,3470,3031,voxel,1.4142135623730951,0.35881991744807673,0.8263344100907553,1.4142135623730951,0.061010344000351324
case0261,edema,0.7256637168141593,0.5694444444444444,2.449489742783178,0.6276684123167784,ok,0.709775967413442,0.7422790202342918,982,939,voxel,2.449489742783178,0.6276684123167784,0.7256637168141593,2.449489742783178,0.061010344000351324
case0261,scar,0.6997690531177829,0.5381882770870338,2.0,0.5217221746430576,ok,0.7417380660954712,0.6622950819672131,1634,1830,voxel,2.0,0.5217221746430576,0.6997690531177829,2.0,0.061010344000351324
case0261,edema_inclusive,0.842711234911792,0.7281771501925546,1.4142135623730951,0.4103611278056681,ok,0.8673547400611621,0.8194293968941856,2616,2769,voxel,1.4142135623730951,0.4103611278056681,0.842711234911792,1.4142135623730951,0.061010344000351324
case0261,myocardial_ring,0.8958438499074541,0.8113380067052728,1.0,0.21410034969773595,ok,0.8747946105816629,0.9179310344827586,6086,5800,voxel,1.0,0.21410034969773595,0.8958438499074541,1.0,0.061010344000351324
case0266,normal_myocardium,0.7870940352366801,0.6489324466223311,2.23606797749979,0.5041759367335844,ok,0.7799747580984434,0.794344473007712,2377,2334,voxel,2.23606797749979,0.5041759367335844,0.7870940352366801,2.23606797749979,0.06395044900000357
case0266,edema,0.8253865979381443,0.7026878771256171,1.0,0.2882658714507132,ok,0.8394495412844036,0.811787072243346,3052,3156,voxel,1.0,0.2882658714507132,0.8253865979381443,1.0,0.06395044900000357
case0266,scar,0.49586776859504134,0.32967032967032966,3.0,0.8695848180612966,ok,0.506993006993007,0.4852203011712214,1716,1793,voxel,3.0,0.8695848180612966,0.49586776859504134,3.0,0.06395044900000357
case0266,edema_inclusive,0.8416177832664402,0.726545842217484,1.4142135623730951,0.3390583873821475,ok,0.8575922818791947,0.8262275207112548,4768,4949,voxel,1.4142135623730951,0.3390583873821475,0.8416177832664402,1.4142135623730951,0.06395044900000357
case0266,myocardial_ring,0.901164402550596,0.8201084899709853,1.0,0.17507249821330612,ok,0.9098670398880336,0.8926266648359192,7145,7283,voxel,1.0,0.17507249821330612,0.901164402550596,1.0,0.06395044900000357
case0271,normal_myocardium,0.8483126110124334,0.7365823565700185,1.0,0.2584601869932449,ok,0.818368745716244,0.8805309734513275,2918,2712,voxel,1.0,0.2584601869932449,0.8483126110124334,1.0,0.05868482300047617
case0271,edema,0.7496053047047679,0.5994949494949495,2.0,0.4857502842459766,ok,0.7966442953020134,0.7078115682766846,1490,1677,voxel,2.0,0.4857502842459766,0.7496053047047679,2.0,0.05868482300047617
case0271,scar,0.3739545997610514,0.22997795738427626,3.935414346693485,1.1854929612355867,ok,0.2966824644549763,0.505654281098546,1055,619,voxel,3.935414346693485,1.1854929612355867,0.3739545997610514,3.935414346693485,0.05868482300047617
case0271,edema_inclusive,0.851063829787234,0.7407407407407407,1.0,0.34703624694439295,ok,0.8094302554027505,0.8972125435540069,2545,2296,voxel,1.0,0.34703624694439295,0.851063829787234,1.0,0.05868482300047617
case0271,myocardial_ring,0.8975265017667845,0.8141025641025641,1.0,0.18853199483558905,ok,0.8601501006772836,0.9382987220447284,5463,5008,voxel,1.0,0.18853199483558905,0.8975265017667845,1.0,0.05868482300047617
case0276,normal_myocardium,0.8168046859220359,0.6903379993171731,1.7320508075688772,0.3991964462379992,ok,0.8153225806451613,0.8182921893970052,2480,2471,voxel,1.7320508075688772,0.3991964462379992,0.8168046859220359,1.7320508075688772,0.05846954199932952
case0276,edema,0.775608774401288,0.6334648257725181,1.4142135623730951,0.42008714668053726,ok,0.7939843428100536,0.7580645161290323,2427,2542,voxel,1.4142135623730951,0.42008714668053726,0.775608774401288,1.4142135623730951,0.05846954199932952
case0276,scar,0.4551807961106047,0.2946498819826908,4.47213595499958,1.1853829174303443,ok,0.6986940298507462,0.33753943217665616,1072,2219,voxel,4.47213595499958,1.1853829174303443,0.4551807961106047,4.47213595499958,0.05846954199932952
case0276,edema_inclusive,0.7740920096852301,0.631443808018961,2.0,0.5656270436859996,ok,0.9136896256073164,0.6714975845410628,3499,4761,voxel,2.0,0.5656270436859996,0.7740920096852301,2.0,0.05846954199932952
case0276,myocardial_ring,0.8420255847399895,0.7271538763237024,1.0,0.3131334686273293,ok,0.9302558956347216,0.7690818584070797,5979,7232,voxel,1.0,0.3131334686273293,0.8420255847399895,1.0,0.05846954199932952
case0281,normal_myocardium,0.7606946209233376,0.6138072453861928,2.23606797749979,0.613834190777357,ok,0.7616624257845632,0.7597292724196277,2358,2364,voxel,2.23606797749979,0.613834190777357,0.7606946209233376,2.23606797749979,0.059888878000492696
case0281,edema,0.7820770893908895,0.6421400587659157,1.4142135623730951,0.4088818134009942,ok,0.8135566930355204,0.7529428653459661,6447,6966,voxel,1.4142135623730951,0.4088818134009942,0.7820770893908895,1.4142135623730951,0.059888878000492696
case0281,scar,0.44223437758992207,0.28389018940200045,3.7416573867739413,1.059432735736588,ok,0.44810211622438695,0.43651832460732987,2977,3056,voxel,3.7416573867739413,1.059432735736588,0.44223437758992207,3.7416573867739413,0.059888878000492696
case0281,edema_inclusive,0.8513833179059961,0.7412249283667621,1.4142135623730951,0.3239081673577091,ok,0.8783955857385399,0.8259828377569347,9424,10022,voxel,1.4142135623730951,0.3239081673577091,0.8513833179059961,1.4142135623730951,0.059888878000492696
case0281,myocardial_ring,0.8833167825223436,0.7910182303245887,1.0,0.22844421635271028,ok,0.9059582413851638,0.8617794283868884,11782,12386,voxel,1.0,0.22844421635271028,0.8833167825223436,1.0,0.059888878000492696
case0286,normal_myocardium,0.6201298701298701,0.44941176470588234,4.58257569495584,0.9556981587304677,ok,0.6037934668071654,0.6373748609566184,949,899,voxel,4.58257569495584,0.9556981587304677,0.6201298701298701,4.58257569495584,0.056835037999917404
case0286,edema,0.7148736037624926,0.5562671546203111,2.0,0.4504406091278945,ok,0.7784891165172856,0.6608695652173913,2343,2760,voxel,2.0,0.4504406091278945,0.7148736037624926,2.0,0.056835037999917404
case0286,scar,0.5131972789115646,0.34516837481698387,3.3166247903554,0.9686440116334657,ok,0.4452313503305005,0.6056518946692357,2118,1557,voxel,3.3166247903554,0.9686440116334657,0.5131972789115646,3.3166247903554,0.056835037999917404
case0286,edema_inclusive,0.8133971291866029,0.6854838709677419,1.0,0.3318119562096835,ok,0.8002689979825152,0.826963168867269,4461,4317,voxel,1.0,0.3318119562096835,0.8133971291866029,1.0,0.056835037999917404
case0286,myocardial_ring,0.8793525315264445,0.784682566341955,1.0,0.18767704231468116,ok,0.8635859519408503,0.8957055214723927,5410,5216,voxel,1.0,0.18767704231468116,0.8793525315264445,1.0,0.056835037999917404
case0291,normal_myocardium,0.8310670661442728,0.7109621451104101,1.4142135623730951,0.3427135467219606,ok,0.8364648573416841,0.8257384932447904,4311,4367,voxel,1.4142135623730951,0.3427135467219606,0.8310670661442728,1.4142135623730951,0.060841971999252564
case0291,edema,0.8212187342622125,0.6966676160637995,3.0,0.7949827861639219,ok,0.8213566151779718,0.8210808996307486,2978,2979,voxel,3.0,0.7949827861639219,0.8212187342622125,3.0,0.060841971999252564
case0291,scar,0.5226935627410264,0.3538152610441767,5.412783037509626,1.578699166518198,ok,0.4504089979550102,0.6226148409893993,1956,1415,voxel,5.412783037509626,1.578699166518198,0.5226935627410264,5.412783037509626,0.060841971999252564
case0291,edema_inclusive,0.8458404802744426,0.7328627159576444,2.8284271247461903,0.9536045336393414,ok,0.7995541143088771,0.8978152025489303,4934,4394,voxel,2.8284271247461903,0.9536045336393414,0.8458404802744426,2.8284271247461903,0.060841971999252564
case0291,myocardial_ring,0.8873708763745418,0.7975441749026655,1.0,0.22764153854144328,ok,0.8641427798810167,0.9118822052277137,9245,8761,voxel,1.0,0.22764153854144328,0.8873708763745418,1.0,0.060841971999252564
case0296,normal_myocardium,0.8119453924914676,0.6834243033611032,1.4142135623730951,0.4008472061888905,ok,0.8251821019771072,0.7991266375545851,2883,2977,voxel,1.4142135623730951,0.4008472061888905,0.8119453924914676,1.4142135623730951,0.05901555600030406
case0296,edema,0.8402598994728454,0.724524312896406,1.0,0.22247922058814132,ok,0.8151760228353948,0.8669365039210726,4204,3953,voxel,1.0,0.22247922058814132,0.8402598994728454,1.0,0.05901555600030406
case0296,scar,0.41363403382880576,0.2607431340872375,3.605551275463989,1.1009446206104314,ok,0.5219922380336351,0.3425297113752122,1546,2356,voxel,3.605551275463989,1.1009446206104314,0.41363403382880576,3.605551275463989,0.05901555600030406
case0296,edema_inclusive,0.8514802222406501,0.7413718411552347,1.0,0.302412676346323,ok,0.8928695652173914,0.8137581233158979,5750,6309,voxel,1.0,0.302412676346323,0.8514802222406501,1.0,0.05901555600030406
case0296,myocardial_ring,0.8800714325576204,0.7858281841738091,1.0,0.21957631629596303,ok,0.9133557280203869,0.8491277191471032,8633,9286,voxel,1.0,0.21957631629596303,0.8800714325576204,1.0,0.05901555600030406
case0301,normal_myocardium,0.7994719471947195,0.6659335825819221,1.7320508075688772,0.400985878309976,ok,0.758137205808713,0.8455738620497067,3994,3581,voxel,1.7320508075688772,0.400985878309976,0.7994719471947195,1.7320508075688772,0.06051844899957359
case0301,edema,0.7545704578547161,0.6058716549753183,2.449489742783178,0.5987914467127241,ok,0.8403603603603603,0.6846741045214327,2775,3406,voxel,2.449489742783178,0.5987914467127241,0.7545704578547161,2.449489742783178,0.06051844899957359
case0301,scar,0.36400230017251295,0.22249560632688928,4.0,1.2915338504433602,ok,0.38340399757722593,0.3464696223316913,1651,1827,voxel,4.0,1.2915338504433602,0.36400230017251295,4.0,0.06051844899957359
case0301,edema_inclusive,0.8060875867066984,0.6751647589316684,2.0,0.4587927607152768,ok,0.8795752372345232,0.7439327345690808,4426,5233,voxel,2.0,0.4587927607152768,0.8060875867066984,2.0,0.06051844899957359
case0301,myocardial_ring,0.891725658581873,0.8046073298429319,1.0,0.2321932183680317,ok,0.9125890736342043,0.8717948717948718,8420,8814,voxel,1.0,0.2321932183680317,0.891725658581873,1.0,0.06051844899957359
case0306,normal_myocardium,0.7765840220385675,0.634766944381896,3.0,0.5725239690419534,ok,0.7793751727951341,0.7738127916552292,3617,3643,voxel,3.0,0.5725239690419534,0.7765840220385675,3.0,0.058380996000778396
case0306,edema,0.19966722129783693,0.11090573012939002,33.66006535941367,8.958333262540723,ok,0.12269938650306748,0.5357142857142857,489,112,voxel,33.66006535941367,8.958333262540723,0.19966722129783693,33.66006535941367,0.058380996000778396
case0306,scar,0.6572898799313893,0.4895247828308636,2.8284271247461903,0.6310740741086996,ok,0.7241118669690099,0.6017587939698492,2646,3184,voxel,2.8284271247461903,0.6310740741086996,0.6572898799313893,2.8284271247461903,0.058380996000778396
case0306,edema_inclusive,0.7345669413777017,0.5804866060457115,2.449489742783178,0.5511780735159647,ok,0.7534290271132377,0.716626213592233,3135,3296,voxel,2.449489742783178,0.5511780735159647,0.7345669413777017,2.449489742783178,0.058380996000778396
case0306,myocardial_ring,0.8937258052735374,0.807870064703552,1.0,0.20059897462214807,ok,0.9061018957345972,0.8816832396598934,6752,6939,voxel,1.0,0.20059897462214807,0.8937258052735374,1.0,0.058380996000778396
case0311,normal_myocardium,0.8360006096631611,0.7182139583606129,2.0,0.39120424255674097,ok,0.9414692756608307,0.7517817982456141,5826,7296,voxel,2.0,0.39120424255674097,0.8360006096631611,2.0,0.060241775000577036
case0311,edema,0.7858520900321544,0.6472457627118644,3.0,0.7009316760922131,ok,0.8515679442508711,0.7295522388059702,2870,3350,voxel,3.0,0.7009316760922131,0.7858520900321544,3.0,0.060241775000577036
case0311,scar,0.45437106056453824,0.29397163120567377,16.87596225167694,2.6884102437132005,ok,0.3609055289508054,0.6131656804733728,2297,1352,voxel,16.87596225167694,2.6884102437132005,0.45437106056453824,16.87596225167694,0.060241775000577036
case0311,edema_inclusive,0.8075792886817307,0.6772603670972128,9.899494936611665,1.4116560203995145,ok,0.7712405651248306,0.8475116971501488,5167,4702,voxel,9.899494936611665,1.4116560203995145,0.8075792886817307,9.899494936611665,0.060241775000577036
case0311,myocardial_ring,0.9119220564568744,0.8381036136872402,1.0,0.2094351335389246,ok,0.9536068407168198,0.8737289548258043,10993,11998,voxel,1.0,0.2094351335389246,0.9119220564568744,1.0,0.060241775000577036
case0316,normal_myocardium,0.5888721804511278,0.417306052855925,4.69041575982343,1.0333972021554776,ok,0.6904090267983075,0.513371788148925,1418,1907,voxel,4.69041575982343,1.0333972021554776,0.5888721804511278,4.69041575982343,0.05838915000003908
case0316,edema,0.7755807256671146,0.6334274067105676,2.23606797749979,0.5774532518614273,ok,0.9514837494112105,0.6545690213869086,2123,3086,voxel,2.23606797749979,0.5774532518614273,0.7755807256671146,2.23606797749979,0.05838915000003908
case0316,scar,0.35681610247026535,0.21714922048997773,11.357816691600547,2.38685298516211,ok,0.28097982708933716,0.48872180451127817,2776,1596,voxel,11.357816691600547,2.38685298516211,0.35681610247026535,11.357816691600547,0.05838915000003908
case0316,edema_inclusive,0.7564972341091744,0.6083599127077388,8.306623862918075,1.2989126495550676,ok,0.739742804654011,0.7740281930798804,4899,4682,voxel,8.306623862918075,1.2989126495550676,0.7564972341091744,8.306623862918075,0.05838915000003908
case0316,myocardial_ring,0.8808306214163955,0.787039601218499,1.0,0.23560677296632768,ok,0.8997942061104955,0.8626498709971164,6317,6589,voxel,1.0,0.23560677296632768,0.8808306214163955,1.0,0.05838915000003908
case0321,normal_myocardium,0.7566833751044277,0.6086007055266253,2.449489742783178,0.6437824797386357,ok,0.7302963112275751,0.7850487540628386,4961,4615,voxel,2.449489742783178,0.6437824797386357,0.7566833751044277,2.449489742783178,0.05878345699966303
case0321,edema,0.7860749973138498,0.6475482386263055,1.4142135623730951,0.4346800368692932,ok,0.9119920219396659,0.6907099697885196,4011,5296,voxel,1.4142135623730951,0.4346800368692932,0.7860749973138498,1.4142135623730951,0.05878345699966303
case0321,scar,0.19371160101192628,0.10724289715886355,12.36931687685298,3.4788586109308115,ok,0.14806629834254142,0.2800417972831766,1810,957,voxel,12.36931687685298,3.4788586109308115,0.19371160101192628,12.36931687685298,0.05878345699966303
case0321,edema_inclusive,0.7621335100215338,0.6156831259199785,2.23606797749979,0.6260318744835865,ok,0.7904140182099295,0.7358068127298897,5821,6253,voxel,2.23606797749979,0.6260318744835865,0.7621335100215338,2.23606797749979,0.05878345699966303
case0321,myocardial_ring,0.8614318706697459,0.7565922920892495,1.4142135623730951,0.34646353424953996,ok,0.8648673715451679,0.8580235553919764,10782,10868,voxel,1.4142135623730951,0.34646353424953996,0.8614318706697459,1.4142135623730951,0.05878345699966303
case0326,normal_myocardium,0.631864815932408,0.4618438464931628,8.602325267042627,1.3090206868262246,ok,0.8047655649500385,0.5201192250372578,1301,2013,voxel,8.602325267042627,1.3090206868262246,0.631864815932408,8.602325267042627,0.056262310999954934
case0326,edema,0.6732673267326733,0.5074626865671642,6.259898096754492,1.342330523147506,ok,0.6242937853107344,0.7305785123966942,708,605,voxel,6.259898096754492,1.342330523147506,0.6732673267326733,6.259898096754492,0.056262310999954934
case0326,scar,0.029218407596785977,0.014825796886582653,53.807053294899546,31.83823731487512,ok,0.015232292460015232,0.35714285714285715,1313,56,voxel,53.807053294899546,31.83823731487512,0.029218407596785977,53.807053294899546,0.056262310999954934
case0326,edema_inclusive,0.4429530201342282,0.28448275862068967,32.214900536896664,7.427670353547755,ok,0.2939139040079169,0.8986384266263238,2021,661,voxel,32.214900536896664,7.427670353547755,0.4429530201342282,32.214900536896664,0.056262310999954934
case0326,myocardial_ring,0.8205470313542361,0.6957013574660633,1.4142135623730951,0.26955762557811824,ok,0.74051776038531,0.9199700822737472,3322,2674,voxel,1.4142135623730951,0.26955762557811824,0.8205470313542361,1.4142135623730951,0.056262310999954934
case0331,normal_myocardium,0.8007596685082873,0.6677224301756407,1.4142135623730951,0.40489094660494873,ok,0.7829169480081026,0.819434628975265,2962,2830,voxel,1.4142135623730951,0.40489094660494873,0.8007596685082873,1.4142135623730951,0.05868905499937682
case0331,edema,0.7817785051827605,0.6417375727720556,1.4142135623730951,0.38928840666835873,ok,0.8601440576230492,0.7165,1666,2000,voxel,1.4142135623730951,0.38928840666835873,0.7817785051827605,1.4142135623730951,0.05868905499937682
case0331,scar,0.38831360946745563,0.24093620927030748,3.5489714113334823,1.1664567542264832,ok,0.38377192982456143,0.3929640718562874,1368,1336,voxel,3.5489714113334823,1.1664567542264832,0.38831360946745563,3.5489714113334823,0.05868905499937682
case0331,edema_inclusive,0.7918367346938775,0.6554054054054054,2.23606797749979,0.5501858010584989,ok,0.8312458800263678,0.7559952038369304,3034,3336,voxel,2.23606797749979,0.5501858010584989,0.7918367346938775,2.23606797749979,0.05868905499937682
case0331,myocardial_ring,0.8797895083045552,0.7853787433940106,1.0,0.26620153568497656,ok,0.8922615076717811,0.8676613687966267,5996,6166,voxel,1.0,0.26620153568497656,0.8797895083045552,1.0,0.05868905499937682
case0336,normal_myocardium,0.6379220779220779,0.4683447749809306,6.708203932499369,1.1996873360198475,ok,0.5869980879541109,0.6985210466439136,1046,879,voxel,6.708203932499369,1.1996873360198475,0.6379220779220779,6.708203932499369,0.05712364200007869
case0336,edema,0.7419354838709677,0.5897435897435898,8.06225774829855,0.9094504616111057,ok,0.8115134633240483,0.6833463643471462,1077,1279,voxel,8.06225774829855,0.9094504616111057,0.7419354838709677,8.06225774829855,0.05712364200007869
case0336,scar,0.4007615421227987,0.2505952380952381,4.0,1.1521498894036912,ok,0.519753086419753,0.32610379550735863,810,1291,voxel,4.0,1.1521498894036912,0.4007615421227987,4.0,0.05712364200007869
case0336,edema_inclusive,0.7215615885124523,0.5644085644085645,2.23606797749979,0.5209235840066805,ok,0.8521462639109698,0.6256809338521401,1887,2570,voxel,2.23606797749979,0.5209235840066805,0.7215615885124523,2.23606797749979,0.05712364200007869
case0336,myocardial_ring,0.8157317455343153,0.6888065625826938,1.0,0.2603470611719428,ok,0.8874872144561882,0.7547115105827776,2933,3449,voxel,1.0,0.2603470611719428,0.8157317455343153,1.0,0.05712364200007869
case0341,normal_myocardium,0.7590203776406805,0.6116300090388671,2.449489742783178,0.4546784022353644,ok,0.7914230019493177,0.7291666666666666,2565,2784,voxel,2.449489742783178,0.4546784022353644,0.7590203776406805,2.449489742783178,0.05778280399954383
case0341,edema,0.8083454633672974,0.6783387622149837,2.449489742783178,0.41406674149000083,ok,0.9509132420091324,0.7029535864978903,876,1185,voxel,2.449489742783178,0.41406674149000083,0.8083454633672974,2.449489742783178,0.05778280399954383
case0341,scar,0.35686777920410784,0.2171875,4.483179928995195,1.4760217150328245,ok,0.28252032520325204,0.4843205574912892,492,287,voxel,4.483179928995195,1.4760217150328245,0.35686777920410784,4.483179928995195,0.05778280399954383
case0341,edema_inclusive,0.8528169014084507,0.7434008594229589,1.0,0.2521151865333234,ok,0.8852339181286549,0.8226902173913043,1368,1472,voxel,1.0,0.2521151865333234,0.8528169014084507,1.0,0.05778280399954383
case0341,myocardial_ring,0.8154841861033093,0.6884536082474226,1.4142135623730951,0.32496652618222266,ok,0.8489702517162472,0.7845394736842105,3933,4256,voxel,1.4142135623730951,0.32496652618222266,0.8154841861033093,1.4142135623730951,0.05778280399954383
case0346,normal_myocardium,0.7515923566878981,0.6020408163265306,1.4142135623730951,0.41590466343823973,ok,0.872996300863132,0.6598322460391426,811,1073,voxel,1.4142135623730951,0.41590466343823973,0.7515923566878981,1.4142135623730951,0.05738541800019448
case0346,edema,0.6906614785992218,0.5274888558692422,6.082762530298219,1.188005184823454,ok,0.7626208378088077,0.6311111111111111,931,1125,voxel,6.082762530298219,1.188005184823454,0.6906614785992218,6.082762530298219,0.05738541800019448
case0346,scar,0.37957124842370743,0.23424124513618677,22.02271554554524,3.5653129833432486,ok,0.2680320569902048,0.6501079913606912,1123,463,voxel,22.02271554554524,3.5653129833432486,0.37957124842370743,22.02271554554524,0.05738541800019448
case0346,edema_inclusive,0.814936847885777,0.6876737720111215,15.21180761464039,1.6242126380461213,ok,0.7224926971762414,0.9345088161209067,2054,1588,voxel,15.21180761464039,1.6242126380461213,0.814936847885777,15.21180761464039,0.05738541800019448
case0346,myocardial_ring,0.8993847267462902,0.8171654061164091,1.0,0.13214204909381944,ok,0.8673647469458988,0.9338594513340849,2865,2661,voxel,1.0,0.13214204909381944,0.8993847267462902,1.0,0.05738541800019448
case0351,normal_myocardium,0.7745127892813642,0.632003975649149,3.7416573867739413,0.6291576561119624,ok,0.8592905405405405,0.7049611973392461,5920,7216,voxel,3.7416573867739413,0.6291576561119624,0.7745127892813642,3.7416573867739413,0.05921234900051786
case0351,edema,0.4419475655430712,0.28365384615384615,9.0,2.29326121529737,ok,0.46825396825396826,0.41843971631205673,630,705,voxel,9.0,2.29326121529737,0.4419475655430712,9.0,0.05921234900051786
case0351,scar,0.5685342671335668,0.3971693167918924,3.7416573867739413,0.9458420224397166,ok,0.5126296797474064,0.6381246490735542,4434,3562,voxel,3.7416573867739413,0.9458420224397166,0.5685342671335668,3.7416573867739413,0.05921234900051786
case0351,edema_inclusive,0.5862179830671954,0.41464523953911464,3.1622776601683795,0.8242962269152091,ok,0.540086887835703,0.6409655495664401,5064,4267,voxel,3.1622776601683795,0.8242962269152091,0.5862179830671954,3.1622776601683795,0.05921234900051786
case0351,myocardial_ring,0.8770196287888904,0.780975029726516,1.0,0.22107035690957616,ok,0.8969410050983249,0.857963946703823,10984,11483,voxel,1.0,0.22107035690957616,0.8770196287888904,1.0,0.05921234900051786
case0356,normal_myocardium,0.7952162232429153,0.6600489138253489,2.0,0.3944883975951926,ok,0.8076042950184826,0.7832024581768522,5681,5858,voxel,2.0,0.3944883975951926,0.7952162232429153,2.0,0.058792011000150524
case0356,edema,0.43478260869565216,0.2777777777777778,5.0990195135927845,1.4280000931545196,ok,0.8571428571428571,0.2912621359223301,140,412,voxel,5.0990195135927845,1.4280000931545196,0.43478260869565216,5.0990195135927845,0.058792011000150524
case0356,scar,0.40520984081041966,0.2540834845735027,8.774964387392123,2.191528640117178,ok,0.360592401802962,0.4624277456647399,1553,1211,voxel,8.774964387392123,2.191528640117178,0.40520984081041966,8.774964387392123,0.058792011000150524
case0356,edema_inclusive,0.42279855247285886,0.2680688336520076,7.280109889280518,1.7861340691371905,ok,0.41405788541051386,0.4319162045594578,1693,1623,voxel,7.280109889280518,1.7861340691371905,0.42279855247285886,7.280109889280518,0.058792011000150524
case0356,myocardial_ring,0.8601817569841804,0.7546657217103709,1.0,0.22305574001158918,ok,0.86642256577163,0.8540302098649913,7374,7481,voxel,1.0,0.22305574001158918,0.8601817569841804,1.0,0.058792011000150524
case0361,normal_myocardium,0.8655723158828749,0.7630035197497067,1.0,0.2499410716515318,ok,0.8560772268538833,0.8752803947958726,4558,4458,voxel,1.0,0.2499410716515318,0.8655723158828749,1.0,0.05913965299987467
case0361,edema,0.6924686192468619,0.5296,5.610894110794845,0.807273218659842,ok,0.6402321083172147,0.7539863325740319,517,439,voxel,5.610894110794845,0.807273218659842,0.6924686192468619,5.610894110794845,0.05913965299987467
case0361,scar,0.3470394736842105,0.2099502487562189,8.774964387392123,2.1421330568951156,ok,0.5718157181571816,0.24911452184179456,369,847,voxel,8.774964387392123,2.1421330568951156,0.3470394736842105,8.774964387392123,0.05913965299987467
case0361,edema_inclusive,0.5985267034990792,0.42706964520367935,5.920275793944631,1.2056405305225464,ok,0.7336343115124153,0.505443234836703,886,1286,voxel,5.920275793944631,1.2056405305225464,0.5985267034990792,5.920275793944631,0.05913965299987467
case0361,myocardial_ring,0.9034680014301036,0.823932181284643,1.0,0.1982984025493612,ok,0.9283614988978692,0.879874651810585,5444,5744,voxel,1.0,0.1982984025493612,0.9034680014301036,1.0,0.05913965299987467
case0366,normal_myocardium,0.5156739811912225,0.3474128827877508,6.730441747687119,1.4736561409128652,ok,0.4354731965585705,0.6320845341018252,1511,1041,voxel,6.730441747687119,1.4736561409128652,0.5156739811912225,6.730441747687119,0.05969955000000482
case0366,edema,0.7938997821350763,0.6582369942196532,1.4142135623730951,0.35355424040127037,ok,0.7267650578380535,0.8746999519923188,2507,2083,voxel,1.4142135623730951,0.35355424040127037,0.7938997821350763,1.4142135623730951,0.05969955000000482
case0366,scar,0.45057844530140045,0.29080429656798534,4.58257569495584,1.188900150411344,ok,0.6690777576853526,0.33965728274173806,1659,3268,voxel,4.58257569495584,1.188900150411344,0.45057844530140045,4.58257569495584,0.05969955000000482
case0366,edema_inclusive,0.7599033308815804,0.6127774953397729,3.154163777159931,0.6965661791038427,ok,0.8679788766202592,0.6757615398990843,4166,5351,voxel,3.154163777159931,0.6965661791038427,0.7599033308815804,3.154163777159931,0.05969955000000482
case0366,myocardial_ring,0.8613803960560112,0.7565128802212197,1.0,0.2518916246630112,ok,0.9156244495332042,0.8132040050062578,5677,6392,voxel,1.0,0.2518916246630112,0.8613803960560112,1.0,0.05969955000000482
case0371,normal_myocardium,0.6974370605579496,0.5354344419293052,3.7416573867739413,0.7519151171807806,ok,0.8068748360010496,0.6141402037147993,3811,5007,voxel,3.7416573867739413,0.7519151171807806,0.6974370605579496,3.7416573867739413,0.06016733600063162
case0371,edema,0.7396733909702209,0.586890243902439,3.605551275463989,0.7616657849169159,ok,0.8627450980392157,0.6473308112652375,1785,2379,voxel,3.605551275463989,0.7616657849169159,0.7396733909702209,3.605551275463989,0.06016733600063162
case0371,scar,0.444324518798345,0.28561517113783536,13.080509310989228,2.3233322295163017,ok,0.3744693753790176,0.5462184873949579,3298,2261,voxel,13.080509310989228,2.3233322295163017,0.444324518798345,13.080509310989228,0.06016733600063162
case0371,edema_inclusive,0.6872364496554562,0.5235036038859292,3.1622776601683795,0.8845398514229478,ok,0.6572890025575447,0.7200431034482758,5083,4640,voxel,3.1622776601683795,0.8845398514229478,0.6872364496554562,3.1622776601683795,0.06016733600063162
case0371,myocardial_ring,0.8877622566204627,0.7981767044903502,1.0,0.23503452244351594,ok,0.9253429278165055,0.8531149580180367,8894,9647,voxel,1.0,0.23503452244351594,0.8877622566204627,1.0,0.06016733600063162
case0376,normal_myocardium,0.5779085872576177,0.40637935232529826,4.242640687119285,0.9704452996691564,ok,0.5751206064782909,0.580723729993041,2902,2874,voxel,4.242640687119285,0.9704452996691564,0.5779085872576177,4.242640687119285,0.05883730099958484
case0376,edema,0.539827036868457,0.3697007481296758,2.8284271247461903,0.8230354396063737,ok,0.5400728597449909,0.5395814376706096,1098,1099,voxel,2.8284271247461903,0.8230354396063737,0.539827036868457,2.8284271247461903,0.05883730099958484
case0376,scar,0.1444082519001086,0.0778232884727911,5.0,2.0972640826670883,ok,0.14409534127843987,0.14472252448313383,923,919,voxel,5.0,2.0972640826670883,0.1444082519001086,5.0,0.05883730099958484
case0376,edema_inclusive,0.5313196335726665,0.3617666891436278,3.0,0.8153282678058283,ok,0.5309252845126176,0.5317145688800793,2021,2018,voxel,3.0,0.8153282678058283,0.5313196335726665,3.0,0.05883730099958484
case0376,myocardial_ring,0.7490575649516047,0.5987945919530868,1.4142135623730951,0.4295699779983396,ok,0.7466991671744871,0.7514309076042518,4923,4892,voxel,1.4142135623730951,0.4295699779983396,0.7490575649516047,1.4142135623730951,0.05883730099958484
